id	popularity	frequency_short	units_short	seasonal_adjustment_short	name	title
82503	2	M		NSA	CP1M	1-Month Commercial Paper Rate (DISCONTINUED)
3313	36	M		NSA	REAINTRATREARAT1MO	1-Month Real Interest Rate
82710	15	W		NSA	MORTGAGE1US	1-Year Adjustable Rate Mortgage Average in the United States (DISCONTINUED)
3291	69	M		NSA	EXPINF1YR	1-Year Expected Inflation
3314	60	M		NSA	REAINTRATREARAT1YE	1-Year Real Interest Rate
82686	10	M		NSA	T1YFFM	1-Year Treasury Constant Maturity Minus Federal Funds Rate
82684	48	M		NSA	T10YIEM	10-Year Breakeven Inflation Rate
3281	65	M		NSA	EXPINF10YR	10-Year Expected Inflation
3312	80	M		NSA	REAINTRATREARAT10Y	10-Year Real Interest Rate
82678	56	M		NSA	T10Y2YM	10-Year Treasury Constant Maturity Minus 2-Year Treasury Constant Maturity
82680	39	M		NSA	T10Y3MM	10-Year Treasury Constant Maturity Minus 3-Month Treasury Constant Maturity
82682	28	M		NSA	T10YFFM	10-Year Treasury Constant Maturity Minus Federal Funds Rate
3282	4	M		NSA	EXPINF11YR	11-Year Expected Inflation
3283	3	M		NSA	EXPINF12YR	12-Year Expected Inflation
3284	2	M		NSA	EXPINF13YR	13-Year Expected Inflation
3285	3	M		NSA	EXPINF14YR	14-Year Expected Inflation
82565	3	D		NSA	RIFSPPNA2P2D15NB	15-Day A2/P2 Nonfinancial Commercial Paper Interest Rate
82542	1	D		NSA	RIFSPPAAAD15NB	15-Day AA Asset-Backed Commercial Paper Interest Rate
82556	3	D		NSA	RIFSPPFAAD15NB	15-Day AA Financial Commercial Paper Interest Rate
82571	5	D		NSA	RIFSPPNAAD15NB	15-Day AA Nonfinancial Commercial Paper Interest Rate
3286	18	M		NSA	EXPINF15YR	15-Year Expected Inflation
82719	28	D		NSA	OBMMIC15YF	15-Year Fixed Rate Conforming Mortgage Index
82709	75	W		NSA	MORTGAGE15US	15-Year Fixed Rate Mortgage Average in the United States
3287	3	M		NSA	EXPINF16YR	16-Year Expected Inflation
3288	3	M		NSA	EXPINF17YR	17-Year Expected Inflation
3289	3	M		NSA	EXPINF18YR	18-Year Expected Inflation
82650	58	D		NSA	SOFR180DAYAVG	180-Day Average SOFR
3290	3	M		NSA	EXPINF19YR	19-Year Expected Inflation
3302	61	M		NSA	EXPINF2YR	2-Year Expected Inflation
82687	46	M		NSA	T20YIEM	20-year Breakeven Inflation Rate
3292	41	M		NSA	EXPINF20YR	20-Year Expected Inflation
82771	1	A		NSA	H0RIFLGFCY20NA	20-Year U.S. Government Constant Maturity Yield (DISCONTINUED)
82773	2	M		NSA	H0RIFLGFCY20NM	20 Year U.S. Govt. Constant Maturity Yield (DISCONTINUED)
3293	2	M		NSA	EXPINF21YR	21-Year Expected Inflation
3294	2	M		NSA	EXPINF22YR	22-Year Expected Inflation
3295	6	M		NSA	EXPINF23YR	23-Year Expected Inflation
3296	3	M		NSA	EXPINF24YR	24-Year Expected Inflation
3297	21	M		NSA	EXPINF25YR	25-Year Expected Inflation
3298	14	M		NSA	EXPINF26YR	26-Year Expected Inflation
3299	12	M		NSA	EXPINF27YR	27-Year Expected Inflation
3300	2	M		NSA	EXPINF28YR	28-Year Expected Inflation
3301	6	M		NSA	EXPINF29YR	29-Year Expected Inflation
82676	16	M		NSA	CPFFM	3-Month Commercial Paper Minus Federal Funds Rate
82504	9	M		NSA	CP3M	3-Month Commercial Paper Rate (DISCONTINUED)
82700	35	M		NSA	TB3SMFFM	3-Month Treasury Bill Minus Federal Funds Rate
82690	3	M		NSA	T3MFFM	3-Month Treasury Constant Maturity Minus Federal Funds Rate
3304	35	M		NSA	EXPINF3YR	3-Year Expected Inflation
82566	26	D		NSA	RIFSPPNA2P2D30NB	30-Day A2/P2 Nonfinancial Commercial Paper Interest Rate
82543	22	D		NSA	RIFSPPAAAD30NB	30-Day AA Asset-Backed Commercial Paper Interest Rate
82506	12	M		NSA	CPF1M	30-Day AA Financial Commercial Paper Interest Rate
82509	8	M		NSA	CPN1M	30-Day AA Nonfinancial Commercial Paper Interest Rate
82652	81	D		NSA	SOFR30DAYAVG	30-Day Average SOFR
82688	59	M		NSA	T30YIEM	30-year Breakeven Inflation Rate
3303	60	M		NSA	EXPINF30YR	30-Year Expected Inflation
82720	54	D		NSA	OBMMIC30YF	30-Year Fixed Rate Conforming Mortgage Index
82731	29	D		NSA	OBMMIC30YFNA	30-Year Fixed Rate Conforming Non-Adjusted Mortgage Index
82732	61	D		NSA	OBMMIFHA30YF	30-Year Fixed Rate FHA Mortgage Index
82733	64	D		NSA	OBMMIJUMBO30YF	30-Year Fixed Rate Jumbo Mortgage Index
82711	98	W		NSA	MORTGAGE30US	30-Year Fixed Rate Mortgage Average in the United States
82734	40	D		NSA	OBMMIUSDA30YF	30-Year Fixed Rate USDA Mortgage Index
3305	16	M		NSA	EXPINF4YR	4-Year Expected Inflation
82694	34	M		NSA	T5YIEM	5-Year Breakeven Inflation Rate
3306	58	M		NSA	EXPINF5YR	5-Year Expected Inflation
82692	10	M		NSA	T5YFFM	5-Year Treasury Constant Maturity Minus Federal Funds Rate
82712	40	W		NSA	MORTGAGE5US	5/1-Year Adjustable Rate Mortgage Average in the United States (DISCONTINUED)
82505	2	M		NSA	CP6M	6-Month Commercial Paper Rate (DISCONTINUED)
82701	15	M		NSA	TB6SMFFM	6-Month Treasury Bill Minus Federal Funds Rate
82698	3	M		NSA	T6MFFM	6-Month Treasury Constant Maturity Minus Federal Funds Rate
3307	10	M		NSA	EXPINF6YR	6-Year Expected Inflation
82567	3	D		NSA	RIFSPPNA2P2D60NB	60-Day A2/P2 Nonfinancial Commercial Paper Interest Rate
82544	6	D		NSA	RIFSPPAAAD60NB	60-Day AA Asset-Backed Commercial Paper Interest Rate
82507	3	M		NSA	CPF2M	60-Day AA Financial Commercial Paper Interest Rate
82510	2	M		NSA	CPN2M	60-Day AA Nonfinancial Commercial Paper Interest Rate
82564	12	D		NSA	RIFSPPNA2P2D07NB	7-Day A2/P2 Nonfinancial Commercial Paper Interest Rate
82541	2	D		NSA	RIFSPPAAAD07NB	7-Day AA Asset-Backed Commercial Paper Interest Rate
82555	16	D		NSA	RIFSPPFAAD07NB	7-Day AA Financial Commercial Paper Interest Rate
82570	7	D		NSA	RIFSPPNAAD07NB	7-Day AA Nonfinancial Commercial Paper Interest Rate
82699	30	M		NSA	T7YIEM	7-year Breakeven Inflation Rate
3308	16	M		NSA	EXPINF7YR	7-Year Expected Inflation
3309	7	M		NSA	EXPINF8YR	8-Year Expected Inflation
3310	7	M		NSA	EXPINF9YR	9-Year Expected Inflation
82568	30	D		NSA	RIFSPPNA2P2D90NB	90-Day A2/P2 Nonfinancial Commercial Paper Interest Rate
82545	32	D		NSA	RIFSPPAAAD90NB	90-Day AA Asset-Backed Commercial Paper Interest Rate
82508	38	M		NSA	CPF3M	90-Day AA Financial Commercial Paper Interest Rate
82511	29	M		NSA	CPN3M	90-Day AA Nonfinancial Commercial Paper Interest Rate
82654	72	D		NSA	SOFR90DAYAVG	90-Day Average SOFR
72431	1	A		NSA	EXPACSEF5174ALLEST	Access Charges for Satellite Telecommunications, All Establishments, Employer Firms
72432	1	A		NSA	EXPACSEF517911ALLEST	Access Charges for Telecommunication Resellers, All Establishments, Employer Firms (DISCONTINUED)
72429	1	A		NSA	EXPACSEF5171ALLEST	Access Charges for Wired Telecommunications Carriers, All Establishments, Employer Firms
72430	1	A		NSA	EXPACSEF5172ALLEST	Access Charges for Wireless Telecommunications Carriers excluding Satellite, All Establishments, Employer Firms
79759	2	M		NSA	AMINVTN	Advance Merchant Wholesale Inventories: Total Merchant Wholesalers, Except Manufacturers' Sales Branches and Offices Inventories
108841	21	Q		NSA	AGSEBMPTCMAHDFS	Agency-and GSE-Backed Mortgage Pools; Total Mortgages; Asset, Level
108789	1	Q		NSA	AGSEMPTCMDODFS	Agency-and GSE-Backed Mortgage Pools; Total Mortgages; Liability (DISCONTINUED)
79698	14	M		NSA	AIRRPMTSI	Air Revenue Passenger Miles
79700	11	M		NSA	AIRRTMFM	Air Revenue Ton Miles of Freight and Mail
79677	1	A		NSA	WTCATAEEF45171	Air Time for Wired Telecommunications Carriers, All Establishments, Employer Firms
68153	71	Q		NSA	USSTHPI	All-Transactions House Price Index for the United States
88255	47	M		NSA	PAYNSA	All Employees, Total Nonfarm
108842	21	Q		NSA	ASCMA	All Sectors; Commercial Mortgages; Asset, Level
108790	14	Q		NSA	ASCFBL	All Sectors; Corporate and Foreign Bonds; Liability, Level
108742	1	Q		NSA	TCMAH	All Sectors; Credit Market Instruments; Asset, Level (DISCONTINUED)
108745	53	Q		NSA	TCMDO	All Sectors; Debt Securities and Loans; Liability, Level
108843	5	Q		NSA	ASFMA	All Sectors; Farm Mortgages; Asset, Level
108975	1	A		NSA	ASGVADA027N	All sectors; gross value added (IMA), Flow (DISCONTINUED)
108520	7	Q		NSA	ASIRAL	All Sectors; IRAs; Liability, Level
108845	22	Q		NSA	ASMRMA	All Sectors; Multifamily Residential Mortgages; Asset, Level
108977	1	A		NSA	ASNSICA027N	All sectors; net saving including net capital transfers paid (IMA), Flow (DISCONTINUED)
108844	29	Q		NSA	ASHMA	All Sectors; One-to-Four-Family Residential Mortgages; Asset, Level
108791	4	Q		NSA	ASOMPL	All Sectors; Open Market Paper; Liability, Level
108792	25	Q		NSA	ASTDSL	All Sectors; Total Debt Securities; Liability, Level
108750	1	Q		NSA	ASTNITA	All Sectors; Total Interbank Transactions; Asset, Level
108847	9	Q		NSA	ASTLL	All Sectors; Total Loans; Liability, Level (DISCONTINUED)
108848	32	Q		NSA	ASTMA	All Sectors; Total Mortgages; Asset, Level
108793	5	Q		NSA	ASUSGASL	All Sectors; U.S. Government Agency Securities; Liability, Level
134728	1	Q		NSA	USATRR	Allocated Transfer Risk Reserves for Commercial Banks in United States (DISCONTINUED)
134727	4	Q		NSA	USALLL	Allowance for Loan and Lease Losses for Commercial Banks in United States (DISCONTINUED)
85744	1	Q		NSA	LLSUS	Allowance for Loan and Lease Losses for Commercial Banks with Assets under $5B in United States (DISCONTINUED)
138311	1	A		NSA	MPU5600012	Apparel and Leather and Applied Products: Total Factor Productivity
86427	7	M		NSA	DTBSPCKANM	Asset-Backed Commercial Paper Outstanding
86507	1	M		NSA	H0DTBSPCKBANM	Asset Backed Commercial Paper Outstanding (DISCONTINUED)
135542	1	Q		NSA	LLRNPT	Assets at Banks whose ALLL exceeds their Nonperforming Loans (DISCONTINUED)
135546	1	Q		NSA	LLRNPT4	Assets at Banks whose ALLL exceeds their Nonperforming Loans, Banks with Total Assets from $10B to $20B (DISCONTINUED)
135545	1	Q		NSA	LLRNPT3	Assets at Banks whose ALLL exceeds their Nonperforming Loans, Banks with Total Assets from $1B to $10B (DISCONTINUED)
135544	1	Q		NSA	LLRNPT2	Assets at Banks whose ALLL exceeds their Nonperforming Loans, Banks with Total Assets from $300M to $1B (DISCONTINUED)
135547	1	Q		NSA	LLRNPT5	Assets at Banks whose ALLL exceeds their Nonperforming Loans, Banks with Total Assets over $20B (DISCONTINUED)
135543	1	Q		NSA	LLRNPT1	Assets at Banks whose ALLL exceeds their Nonperforming Loans, Banks with Total Assets up to $300M (DISCONTINUED)
134110	18	M		NSA	AUENSA	Auto Exports
142688	1	A		NSA	A133RC1A027NBEA	Automobile output
14856	2	M		NSA	DTCTLVNANM	Average Amount Financed for New Car Loans at Auto Finance Companies (DISCONTINUED)
14848	39	M		NSA	DTCTLVENANM	Average Amount Financed for New Car Loans at Finance Companies
14849	5	Q		NSA	DTCTLVENANQ	Average Amount Financed for New Car Loans at Finance Companies (DISCONTINUED)
14859	1	M		NSA	DTCTLVUANM	Average Amount Financed for Used Car Loans at Auto Finance Companies (DISCONTINUED)
14852	5	M		NSA	DTCTLVEUANM	Average Amount Financed for Used Car Loans at Finance Companies
14853	13	Q		NSA	DTCTLVEUANQ	Average Amount Financed for Used Car Loans at Finance Companies (DISCONTINUED)
80153	8	M		NSA	APU0000FD2101	Average Price: All Ham (Excluding Canned Ham and Luncheon Slices) (Cost per Pound/453.6 Grams) in U.S. City Average
80154	29	M		NSA	APU0000FD3101	Average Price: All Pork Chops (Cost per Pound/453.6 Grams) in U.S. City Average
80160	43	M		NSA	APU0000FN1101	Average Price: All Soft Drinks (Cost per 2 Liters/67.6 Ounces) in U.S. City Average
80161	41	M		NSA	APU0000FN1102	Average Price: All Soft Drinks, 12 Pk, 12 Ounce, Cans (Cost per 12 Ounces/354.9 Milliliters) in U.S. City Average
80150	10	M		NSA	APU0000FC2101	Average Price: All Uncooked Beef Roasts (Cost per Pound/453.6 Grams) in U.S. City Average
80151	54	M		NSA	APU0000FC3101	Average Price: All Uncooked Beef Steaks (Cost per Pound/453.6 Grams) in U.S. City Average
80149	20	M		NSA	APU0000FC1101	Average Price: All Uncooked Ground Beef (Cost per Pound/453.6 Grams) in U.S. City Average
80099	2	M		NSA	APU0000713311	Average Price: Apple Sauce, Any Variety, All Sizes (Cost per Pound/453.6 Grams) in U.S. City Average
80105	30	M		NSA	APU0000714233	Average Price: Beans, Dried, Any Type, All Sizes (Cost per Pound/453.6 Grams) in U.S. City Average
80050	5	M		NSA	APU0000705121	Average Price: Bologna, All Beef or Mixed (Cost per Pound/453.6 Grams) in U.S. City Average
80120	58	M		NSA	APU0000717311	Average Price: Coffee, 100%, Ground Roast, All Sizes (Cost per Pound/453.6 Grams) in U.S. City Average
80124	1	M		NSA	APU0000717326	Average Price: Coffee, Freeze Dried, Decaf., All Sizes (Cost per 16 Ounces/453.6 Grams) in U.S. City Average
80123	1	M		NSA	APU0000717325	Average Price: Coffee, Freeze Dried, Regular, All Sizes (Cost per 16 Ounces/453.6 Grams) in U.S. City Average
80125	2	M		NSA	APU0000717327	Average Price: Coffee, Instant, Plain, Regular, All Sizes (Cost per Pound/453.6 Grams) in U.S. City Average
80102	12	M		NSA	APU0000714221	Average Price: Corn, Canned, Any Style, All Sizes (Cost per Pound/453.6 Grams) in U.S. City Average
80003	44	M		NSA	APU0000701111	Average Price: Flour, White, All Purpose (Cost per Pound/453.6 Grams) in U.S. City Average
80049	13	M		NSA	APU0000705111	Average Price: Frankfurters, All Meat or All Beef (Cost per Pound/453.6 Grams) in U.S. City Average
80148	52	M		NSA	APU00007471A	Average Price: Gasoline, All Types (Cost per Gallon/3.785 Liters) in U.S. City Average
80131	16	M		NSA	APU0000720111	Average Price: Malt Beverages, All Types, All Sizes, Any Origin (Cost per 16 Ounces/473.2 Milliliters) in U.S. City Average
80100	2	M		NSA	APU0000713312	Average Price: Peaches, Any Variety, All Sizes (Cost per Pound/453.6 Grams) in U.S. City Average
80115	17	M		NSA	APU0000716141	Average Price: Peanut Butter, Creamy, All Sizes (Cost per Pound/453.6 Grams) in U.S. City Average
80107	45	M		NSA	APU0000715211	Average Price: Sugar, White, All Sizes (Cost per Pound/453.6 Grams) in U.S. City Average
80104	5	M		NSA	APU0000714232	Average Price: Tomatoes, Canned, Any Type, All Sizes (Cost per Pound/453.6 Grams) in U.S. City Average
80134	8	M		NSA	APU0000720222	Average Price: Vodka, All Types, All Sizes, Any Origin (Cost per 1 Liter/33.8 Ounces) in U.S. City Average
80135	29	M		NSA	APU0000720311	Average Price: Wine, Red and White Table, All Sizes, Any Origin (Cost per 1 Liter/33.8 Ounces) in U.S. City Average
10658	4	M		NSA	FMPNSA	Average Probability of U.S. Workers Making Employer to Employer Transitions
136340	1	Q		NSA	EWNQ	Average Reported Prime Rate,Weighted by the Amount Loans Priced Relative to Prime, by Base Pricing Rate, All Commercial Banks (DISCONTINUED)
133733	35	M		NSA	ASPNHSUS	Average Sales Price for New Houses Sold in the United States
133739	78	Q		NSA	ASPUS	Average Sales Price of Houses Sold for the United States
14705	2	A		NSA	EMISSCO2VAVACBA	Aviation Gasoline Transportation Sector Carbon Dioxide Emissions
7171	1	A		NSA	HC01ESTVC1711001	Bachelor's Degree or Higher (5-year estimate) in District of Columbia
110918	4	Q		NSA	IEABCPN	Balance on capital account
110912	11	Q		NSA	IEABCN	Balance on current account
110882	1	Q		NSA	BOPBCAN	Balance on Current Account (DISCONTINUED)
110908	1	Q		NSA	IEABCGN	Balance on goods
110911	5	Q		NSA	IEABCGSN	Balance on goods and services
110885	1	Q		NSA	BOPBGSN	Balance on Goods and Services (DISCONTINUED)
110888	1	Q		NSA	BOPBIIN	Balance on Investment Income (DISCONTINUED)
110891	1	Q		NSA	BOPBMN	Balance on Merchandise Trade (DISCONTINUED)
110917	4	Q		NSA	IEABCPIN	Balance on primary income
110923	3	Q		NSA	IEABCSIN	Balance on secondary income
110924	2	Q		NSA	IEABCSN	Balance on services
110894	1	Q		NSA	BOPBSVN	Balance on Services (DISCONTINUED)
135590	53	Q		NSA	QBPBSTAS	Balance Sheet: Total Assets
135592	2	Q		NSA	QBPBSTASBKAS	Balance Sheet: Total Assets: Bank Premises and Fixed Assets
135594	3	Q		NSA	QBPBSTASCSHDP	Balance Sheet: Total Assets: Cash and Due from Depository Institutions
135593	8	Q		NSA	QBPBSTASCOMLN	Balance Sheet: Total Assets: Commercial and Industrial Loans
135596	4	Q		NSA	QBPBSTASFRMLN	Balance Sheet: Total Assets: Farm Loans
135595	8	Q		NSA	QBPBSTASFEDREVREPO	Balance Sheet: Total Assets: Federal Funds Sold and Reverse Repurchase Agreements
135597	3	Q		NSA	QBPBSTASGROSSLN	Balance Sheet: Total Assets: Gross Total Loans and Leases
135598	1	Q		NSA	QBPBSTASGROSSLNLESNY	Balance Sheet: Total Assets: Gross Total Loans and Leases: Less: Unearned Income
135599	2	Q		NSA	QBPBSTASIAS	Balance Sheet: Total Assets: Intangible Assets
135600	2	Q		NSA	QBPBSTASIASGDWLL	Balance Sheet: Total Assets: Intangible Assets: Goodwill
135601	1	Q		NSA	QBPBSTASLEASEFINREC	Balance Sheet: Total Assets: Lease Financing Receivables
135608	2	Q		NSA	QBPBSTASLNREAL	Balance Sheet: Total Assets: Loans Secured by Real Estate
135610	9	Q		NSA	QBPBSTASLNREALFAMRT	Balance Sheet: Total Assets: Loans Secured by Real Estate: 1-4 Family Residential Mortgages
135609	11	Q		NSA	QBPBSTASLNREALCONDEV	Balance Sheet: Total Assets: Loans Secured by Real Estate: Construction and Development
135611	1	Q		NSA	QBPBSTASLNREALFRMLND	Balance Sheet: Total Assets: Loans Secured by Real Estate: Farmland
135612	9	Q		NSA	QBPBSTASLNREALHOMEQ	Balance Sheet: Total Assets: Loans Secured by Real Estate: Home Equity Lines
135613	4	Q		NSA	QBPBSTASLNREALMFAMREAL	Balance Sheet: Total Assets: Loans Secured by Real Estate: Multifamily Residential Real Estate
135614	2	Q		NSA	QBPBSTASLNREALNFRMRES	Balance Sheet: Total Assets: Loans Secured by Real Estate: Nonfarm Nonresidential
135615	1	Q		NSA	QBPBSTASLNREALREALFXOFF	Balance Sheet: Total Assets: Loans Secured by Real Estate: Real Estate Loans in Foreign Offices
135602	5	Q		NSA	QBPBSTASLNDPINST	Balance Sheet: Total Assets: Loans to Depository Institutions
135603	2	Q		NSA	QBPBSTASLNFXGOVOFFINST	Balance Sheet: Total Assets: Loans to Foreign Governments and Official Institutions
135604	2	Q		NSA	QBPBSTASLNINDV	Balance Sheet: Total Assets: Loans to Individuals
135605	21	Q		NSA	QBPBSTASLNINDVCRD	Balance Sheet: Total Assets: Loans to Individuals: Credit Cards
135616	5	Q		NSA	QBPBSTASNTLN	Balance Sheet: Total Assets: Net Loans and Leases
135618	1	Q		NSA	QBPBSTASOBLIGPOL	Balance Sheet: Total Assets: Obligations of States and Political Subdivisions in the U.S.
135621	4	Q		NSA	QBPBSTASSC	Balance Sheet: Total Assets: Securities
135625	2	Q		NSA	QBPBSTASSCSAL	Balance Sheet: Total Assets: Securities: Available for Sale (Fair Value)
135622	1	Q		NSA	QBPBSTASSCEQSC	Balance Sheet: Total Assets: Securities: Equity Securities
135623	3	Q		NSA	QBPBSTASSCHLDMAT	Balance Sheet: Total Assets: Securities: Held to Maturity (Amortized Cost)
135624	29	Q		NSA	QBPBSTASSCMRTSEC	Balance Sheet: Total Assets: Securities: Mortgage-Backed Securities
135626	12	Q		NSA	QBPBSTASSCSTMNSC	Balance Sheet: Total Assets: Securities: State and Municipal Securities
135627	22	Q		NSA	QBPBSTASSCUSTRSC	Balance Sheet: Total Assets: Securities: U.S. Treasury Securities
135628	9	Q		NSA	QBPBSTASTLN	Balance Sheet: Total Assets: Total Loans and Leases
135629	10	Q		NSA	QBPBSTASTLNLESSRES	Balance Sheet: Total Assets: Total Loans and Leases: Less: Reserve for Losses
135630	7	Q		NSA	QBPBSTASTRDAS	Balance Sheet: Total Assets: Trading Account Assets
135631	6	Q		NSA	QBPBSTEMP	Balance Sheet: Total Employees (Full-Time Equivalent)
135632	2	Q		NSA	QBPBSTLK	Balance Sheet: Total Liabilities and Capital
135633	1	Q		NSA	QBPBSTLKBKL	Balance Sheet: Total Liabilities and Capital: Banks Liability on Acceptances
135634	11	Q		NSA	QBPBSTLKDP	Balance Sheet: Total Liabilities and Capital: Deposits
135635	6	Q		NSA	QBPBSTLKDPDOFFDP	Balance Sheet: Total Liabilities and Capital: Deposits: Domestic Office Deposits
135636	9	Q		NSA	QBPBSTLKDPDOFFDPBRKDP	Balance Sheet: Total Liabilities and Capital: Deposits: Domestic Office Deposits: Brokered Deposits
135637	5	Q		NSA	QBPBSTLKDPDOFFDPESTIDP	Balance Sheet: Total Liabilities and Capital: Deposits: Domestic Office Deposits: Estimated Insured Deposits
135638	9	Q		NSA	QBPBSTLKDPDOFFDPIDP	Balance Sheet: Total Liabilities and Capital: Deposits: Domestic Office Deposits: Interest-Bearing Deposits
135639	13	Q		NSA	QBPBSTLKDPDOFFDPNIDP	Balance Sheet: Total Liabilities and Capital: Deposits: Domestic Office Deposits: Noninterest-Bearing Deposits
135640	7	Q		NSA	QBPBSTLKDPDOFFDPTDP	Balance Sheet: Total Liabilities and Capital: Deposits: Domestic Office Deposits: Time Deposits
135641	2	Q		NSA	QBPBSTLKDPFXOFFDP	Balance Sheet: Total Liabilities and Capital: Deposits: Foreign Office Deposits
135642	6	Q		NSA	QBPBSTLKFEDREPO	Balance Sheet: Total Liabilities and Capital: Federal Funds Purchased and Repurchase Agreements
135643	18	Q		NSA	QBPBSTLKFHLB	Balance Sheet: Total Liabilities and Capital: FHLB Advances
135646	10	Q		NSA	QBPBSTLKSUBDEBT	Balance Sheet: Total Liabilities and Capital: Subordinated Debt
135647	7	Q		NSA	QBPBSTLKTEQK	Balance Sheet: Total Liabilities and Capital: Total Equity Capital
135648	17	Q		NSA	QBPBSTLKTEQKTBKEQK	Balance Sheet: Total Liabilities and Capital: Total Equity Capital: Total Bank Equity Capital
135651	1	Q		NSA	QBPBSTLKTEQKTBKEQKCOMSTK	Balance Sheet: Total Liabilities and Capital: Total Equity Capital: Total Bank Equity Capital: Common Stock
135652	1	Q		NSA	QBPBSTLKTEQKTBKEQKFXCUR	Balance Sheet: Total Liabilities and Capital: Total Equity Capital: Total Bank Equity Capital: Foreign Currency Translation Adjustment
135654	1	Q		NSA	QBPBSTLKTEQKTBKEQKPRPSTK	Balance Sheet: Total Liabilities and Capital: Total Equity Capital: Total Bank Equity Capital: Perpetual Preferred Stock
135655	2	Q		NSA	QBPBSTLKTEQKTBKEQKSURP	Balance Sheet: Total Liabilities and Capital: Total Equity Capital: Total Bank Equity Capital: Surplus
135653	3	Q		NSA	QBPBSTLKTEQKTBKEQKNDIVPRO	Balance Sheet: Total Liabilities and Capital: Total Equity Capital: Total Bank Equity Capital: Undivided Profits
135656	2	Q		NSA	QBPBSTLKTL	Balance Sheet: Total Liabilities and Capital: Total Liabilities
135657	1	Q		NSA	QBPBSTLKTRDL	Balance Sheet: Total Liabilities and Capital: Trading Account Liabilities
135658	2	Q		NSA	QBPBSTRSKK	Balance Sheet: Total Risk Based Capital (PCA Definition)
135580	4	Q		NSA	QBPBSNLN	Balance Sheet: Unused Loan Commitments - Total
135581	4	Q		NSA	QBPBSNLNNCOMREAL	Balance Sheet: Unused Loan Commitments - Total: Unused Commercial Real Estate Lines
135582	9	Q		NSA	QBPBSNLNNCRD	Balance Sheet: Unused Loan Commitments - Total: Unused Credit Card Lines
135583	8	Q		NSA	QBPBSNLNNHOMEEQ	Balance Sheet: Unused Loan Commitments - Total: Unused Home Equity Lines
135586	1	Q		NSA	QBPBSNLNNSCUND	Balance Sheet: Unused Loan Commitments - Total: Unused Securities Underwriting Commitments
134554	33	M		NSA	LOANINVNSA	Bank Credit, All Commercial Banks
135536	2	Q		NSA	FREQ	Banks (DISCONTINUED)
135540	1	Q		NSA	FREQ4	Banks with Total Assets from $10B to $20B (DISCONTINUED)
135539	5	Q		NSA	FREQ3	Banks with Total Assets from $1B to $10B (DISCONTINUED)
135538	1	Q		NSA	FREQ2	Banks with Total Assets from $300M to $1B (DISCONTINUED)
135541	4	Q		NSA	FREQ5	Banks with Total Assets over $20B (DISCONTINUED)
135537	1	Q		NSA	FREQ1	Banks with Total Assets up to $300M (DISCONTINUED)
81498	3	M		NSA	FRDGCSV	Book Value of Federal Reserve Bank Held Gold Coins On Display
134450	1	M		NSA	BBUACBM027NBOG	Borrowings from Banks in the U.S., All Commercial Banks (DISCONTINUED)
134455	1	M		NSA	BFOACBM027NBOG	Borrowings from Others, All Commercial Banks (DISCONTINUED)
85725	1	M		NSA	H8B3094NCBDM	Borrowings, All Commercial Banks
134459	1	M		NSA	BOWACBM027NBOG	Borrowings, All Commercial Banks (DISCONTINUED)
134272	45	M		NSA	EXBZUS	Brazilian Reals to U.S. Dollar Spot Exchange Rate
14071	1	M		NSA	ATLSBUBEI	Business Expectations Index (DISCONTINUED)
14072	1	M		NSA	ATLSBUBUI	Business Uncertainty Index (DISCONTINUED)
134113	5	M		NSA	CAUINSA	Canadian Auto Imports
134275	53	M		NSA	EXCAUS	Canadian Dollars to U.S. Dollar Spot Exchange Rate
134470	6	M		NSA	CASACBM027NBOG	Cash Assets, All Commercial Banks
85620	22	D		NSA	VXTYN	CBOE 10-Year Treasury Note Volatility Futures (DISCONTINUED)
85612	12	D		NSA	VXFXICLS	CBOE China ETF Volatility Index (DISCONTINUED)
85604	63	D		NSA	OVXCLS	CBOE Crude Oil ETF Volatility Index
85609	30	D		NSA	VXDCLS	CBOE DJIA Volatility Index
85610	40	D		NSA	VXEEMCLS	CBOE Emerging Markets ETF Volatility Index
85622	10	D		NSA	VXXLECLS	CBOE Energy Sector ETF Volatility Index (DISCONTINUED)
85608	12	D		NSA	VXAZNCLS	CBOE Equity VIX on Amazon
85607	29	D		NSA	VXAPLCLS	CBOE Equity VIX on Apple
85615	12	D		NSA	VXGSCLS	CBOE Equity VIX on Goldman Sachs
85614	16	D		NSA	VXGOGCLS	CBOE Equity VIX on Google
85616	8	D		NSA	VXIBMCLS	CBOE Equity VIX on IBM
85602	19	D		NSA	EVZCLS	CBOE EuroCurrency ETF Volatility Index (DISCONTINUED)
85603	70	D		NSA	GVZCLS	CBOE Gold ETF Volatility Index
85613	5	D		NSA	VXGDXCLS	CBOE Gold Miners ETF Volatility Index (DISCONTINUED)
85617	57	D		NSA	VXNCLS	CBOE NASDAQ 100 Volatility Index
85605	47	D		NSA	RVXCLS	CBOE Russell 2000 Volatility Index
85621	60	D		NSA	VXVCLS	CBOE S&P 500 3-Month Volatility Index
85619	13	D		NSA	VXSLVCLS	CBOE Silver ETF Volatility Index (DISCONTINUED)
108773	1	Q		NSA	MANITA	Central Bank; Interbank Transactions with All Depository Institutions; Asset, Level
82066	43	M		NSA	SUUR0000SA0	Chained Consumer Price Index for All Urban Consumers: All Items in U.S. City Average
134234	1	M		NSA	SUUR0000SAC	Chained Consumer Price Index for All Urban Consumers: Commodities in U.S. City Average
134235	1	M		NSA	SUUR0000SAD	Chained Consumer Price Index for All Urban Consumers: Durables in U.S. City Average
134190	1	M		NSA	SUUR0000SAH2	Chained Consumer Price Index for All Urban Consumers: Fuels and Utilities in U.S. City Average
134191	1	M		NSA	SUUR0000SAH3	Chained Consumer Price Index for All Urban Consumers: Household Furnishings and Operations in U.S. City Average
134188	2	M		NSA	SUUR0000SAH	Chained Consumer Price Index for All Urban Consumers: Housing in U.S. City Average
134236	2	M		NSA	SUUR0000SAN	Chained Consumer Price Index for All Urban Consumers: Nondurables in U.S. City Average
134189	2	M		NSA	SUUR0000SAH1	Chained Consumer Price Index for All Urban Consumers: Shelter in U.S. City Average
139540	2	Q		NSA	ND000373Q	Change in Real Private Inventories
134729	1	Q		NSA	USCOALLL	Charge-offs on Allowance for Loan and Lease Losses for Commercial Banks in United States (DISCONTINUED)
138515	1	A		NSA	MPU5800012	Chemical Products: Total Factor Productivity
83034	63	W		NSA	ANFCI	Chicago Fed Adjusted National Financial Conditions Index
83038	53	M		NSA	CFNAI	Chicago Fed National Activity Index
83125	46	W		NSA	NFCICREDIT	Chicago Fed National Financial Conditions Credit Subindex
83124	82	W		NSA	NFCI	Chicago Fed National Financial Conditions Index
83127	36	W		NSA	NFCINONFINLEVERAGE	Chicago Fed National Financial Conditions Index Nonfinancial Leveral Subindex
83126	51	W		NSA	NFCILEVERAGE	Chicago Fed National Financial Conditions Leverage Subindex
83128	42	W		NSA	NFCIRISK	Chicago Fed National Financial Conditions Risk Subindex
134278	59	M		NSA	EXCHUS	Chinese Yuan Renminbi to U.S. Dollar Spot Exchange Rate
83041	8	D		NSA	CFSI	Cleveland Financial Stress Index (DISCONTINUED)
14680	1	A		NSA	EMISSCO2TOTVCCCOA	Coal Commercial Sector Carbon Dioxide Emissions
14684	5	A		NSA	EMISSCO2TOTVECCOA	Coal Electric Power Sector Carbon Dioxide Emissions
14688	3	A		NSA	EMISSCO2TOTVICCOA	Coal Industrial Sector Carbon Dioxide Emissions
14692	1	A		NSA	EMISSCO2TOTVRCCOA	Coal Residential Sector Carbon Dioxide Emissions
14696	1	A		NSA	EMISSCO2TOTVTCCOA	Coal Transportation Sector Carbon Dioxide Emissions
79676	1	A		NSA	WTCAGLFPTBW4483	Coastal and Great Lakes Fixed-Route, Passenger Transportation by Water for Water Transportation, All Establishments, Employer Firms
134491	1	M		NSA	CIUACBM027NBOG	Commercial and Industrial Loans to U.S. Addressees, All Commercial Banks (DISCONTINUED)
134465	15	M		NSA	BUSLOANSNSA	Commercial and Industrial Loans, All Commercial Banks
135785	18	Q		NSA	USNUM	Commercial Banks in the U.S. (DISCONTINUED)
135743	4	Q		NSA	US13NUM	Commercial Banks in the U.S. with average assets between $100M and $300M (DISCONTINUED)
135736	3	Q		NSA	US115NUM	Commercial Banks in the U.S. with average assets between $1B and $15B (DISCONTINUED)
135764	4	Q		NSA	US31NUM	Commercial Banks in the U.S. with average assets between $300M and $1B (DISCONTINUED)
135771	5	Q		NSA	USG15NUM	Commercial Banks in the U.S. with average assets greater than $15B (DISCONTINUED)
135778	2	Q		NSA	USL15NUM	Commercial Banks in the U.S. with average assets less than $15B (DISCONTINUED)
135729	7	Q		NSA	US100NUM	Commercial Banks in the U.S. with average assets under $100M (DISCONTINUED)
135750	5	Q		NSA	US1NUM	Commercial Banks in the U.S. with average assets under $1B (DISCONTINUED)
135757	1	Q		NSA	US300NUM	Commercial Banks in the U.S. with average assets under $300M (DISCONTINUED)
14683	1	A		NSA	EMISSCO2TOTVCCTOUSA	Commercial Carbon Dioxide Emissions, All Fuels for United States
86464	10	M		NSA	DTBSPCKNMM	Commercial Paper Outstanding
86525	1	M		NSA	H0DTBSPCKNM	Commercial Paper Outstanding (DISCONTINUED)
72315	0	A		NSA	ESCPAIEPAB454133	Commercial, Public, and Institutional Engineering Projects (Includes Apartment Building Projects) for Engineering Services, All Establishments, Employer Firms
144636	1	A		NSA	W209RC1A027NBEA	Compensation of employees (DISCONTINUED)
137858	2	A		NSA	MPU5250012	Computer and Electronic Products: Total Factor Productivity
134504	7	M		NSA	CONSUMERNSA	Consumer Loans, All Commercial Banks
82010	1	M		NSA	CUURA427SA0L1E	Consumer Price Index for All Urban Consumers: All item less food and energy in Anchorage, AK (DISCONTINUED)
81968	81	M		NSA	CPIAUCNS	Consumer Price Index for All Urban Consumers: All Items in U.S. City Average
82011	1	M		NSA	CUURA427SAC	Consumer Price Index for All Urban Consumers: Commodities in Anchorage, AK (DISCONTINUED)
82014	1	M		NSA	CUURA433SAC	Consumer Price Index for All Urban Consumers: Commodities in Denver-Boulder-Greeley, CO (DISCONTINUED)
82007	1	M		NSA	CUURA426SAC	Consumer Price Index for All Urban Consumers: Commodities in Honolulu, HI (DISCONTINUED)
81988	2	M		NSA	CUURA211SAC	Consumer Price Index for All Urban Consumers: Commodities in Minneapolis-St. Paul, MN-WI (DISCONTINUED)
82001	1	M		NSA	CUURA424SAC	Consumer Price Index for All Urban Consumers: Commodities in San Diego, CA (DISCONTINUED)
81985	1	M		NSA	CUURA209SAC	Consumer Price Index for All Urban Consumers: Commodities in St. Louis MO-IL (DISCONTINUED)
134202	8	M		NSA	CUUR0000SAC	Consumer Price Index for All Urban Consumers: Commodities in U.S. City Average
134203	1	M		NSA	CUUR0000SACL11	Consumer Price Index for All Urban Consumers: Commodities Less Food and Beverages in U.S. City Average
134204	11	M		NSA	CUUR0000SAD	Consumer Price Index for All Urban Consumers: Durables in U.S. City Average
134162	7	M		NSA	CUUR0000SEHF	Consumer Price Index for All Urban Consumers: Energy Services in U.S. City Average
134154	28	M		NSA	CUUR0000SAH2	Consumer Price Index for All Urban Consumers: Fuels and Utilities in U.S. City Average
134155	3	M		NSA	CUUR0000SAH21	Consumer Price Index for All Urban Consumers: Household Energy in U.S. City Average
134156	14	M		NSA	CUUR0000SAH3	Consumer Price Index for All Urban Consumers: Household Furnishings and Operations in U.S. City Average
134212	5	M		NSA	CUUR0000SEHP	Consumer Price Index for All Urban Consumers: Household Operations in U.S. City Average
134141	45	M		NSA	CPIHOSNS	Consumer Price Index for All Urban Consumers: Housing in U.S. City Average
134158	20	M		NSA	CUUR0000SEHB	Consumer Price Index for All Urban Consumers: Lodging Away from Home in U.S. City Average
134205	1	M		NSA	CUUR0000SANL11	Consumer Price Index for All Urban Consumers: Nondurables Less Food and Beverages in U.S. City Average
134206	1	M		NSA	CUUR0000SANL113	Consumer Price Index for All Urban Consumers: Nondurables Less Food, Beverages, and Apparel in U.S. City Average
134160	4	M		NSA	CUUR0000SEHC01	Consumer Price Index for All Urban Consumers: Owners' Equivalent Rent of Primary Residence in U.S. City Average
134159	15	M		NSA	CUUR0000SEHC	Consumer Price Index for All Urban Consumers: Owners' Equivalent Rent of Residences in U.S. City Average
134157	64	M		NSA	CUUR0000SEHA	Consumer Price Index for All Urban Consumers: Rent of Primary Residence in U.S. City Average
134208	10	M		NSA	CUUR0000SAS2RS	Consumer Price Index for All Urban Consumers: Rent of Shelter in U.S. City Average
134164	8	M		NSA	CUUR0000SEHP04	Consumer Price Index for All Urban Consumers: Repair of Household Items in U.S. City Average
82012	1	M		NSA	CUURA427SAS	Consumer Price Index for All Urban Consumers: Services in Anchorage, AK (DISCONTINUED)
82015	1	M		NSA	CUURA433SAS	Consumer Price Index for All Urban Consumers: Services in Denver-Boulder-Greeley, CO (DISCONTINUED)
82008	1	M		NSA	CUURA426SAS	Consumer Price Index for All Urban Consumers: Services in Honolulu, HI (DISCONTINUED)
81989	1	M		NSA	CUURA211SAS	Consumer Price Index for All Urban Consumers: Services in Minneapolis-St. Paul, MN-WI (DISCONTINUED)
82002	1	M		NSA	CUURA424SAS	Consumer Price Index for All Urban Consumers: Services in San Diego, CA (DISCONTINUED)
81986	1	M		NSA	CUURA209SAS	Consumer Price Index for All Urban Consumers: Services in St. Louis MO-IL (DISCONTINUED)
134207	15	M		NSA	CUUR0000SAS	Consumer Price Index for All Urban Consumers: Services in U.S. City Average
134153	26	M		NSA	CUUR0000SAH1	Consumer Price Index for All Urban Consumers: Shelter in U.S. City Average
134211	27	M		NSA	CUUR0000SEHD	Consumer Price Index for All Urban Consumers: Tenants' and Household Insurance in U.S. City Average
134210	14	M		NSA	CUUR0000SAS4	Consumer Price Index for All Urban Consumers: Transportation Services in U.S. City Average
134163	31	M		NSA	CUUR0000SEHG	Consumer Price Index for All Urban Consumers: Water and Sewer and Trash Collection Services in U.S. City Average
82017	59	M		NSA	CWUR0000SA0	Consumer Price Index for All Urban Wage Earners and Clerical Workers: All Items in U.S. City Average
134223	1	M		NSA	CWUR0000SAC	Consumer Price Index for All Urban Wage Earners and Clerical Workers: Commodities in U.S. City Average
134224	1	M		NSA	CWUR0000SACL11	Consumer Price Index for All Urban Wage Earners and Clerical Workers: Commodities Less Food and Beverages in U.S. City Average
134225	1	M		NSA	CWUR0000SAD	Consumer Price Index for All Urban Wage Earners and Clerical Workers: Durables in U.S. City Average
134186	1	M		NSA	CWUR0000SEHF	Consumer Price Index for All Urban Wage Earners and Clerical Workers: Energy Services in U.S. City Average
134178	1	M		NSA	CWUR0000SAH2	Consumer Price Index for All Urban Wage Earners and Clerical Workers: Fuels and Utilities in U.S. City Average
134179	1	M		NSA	CWUR0000SAH21	Consumer Price Index for All Urban Wage Earners and Clerical Workers: Household Energy in U.S. City Average
134180	1	M		NSA	CWUR0000SAH3	Consumer Price Index for All Urban Wage Earners and Clerical Workers: Household Furnishings and Operations in U.S. City Average
134233	1	M		NSA	CWUR0000SEHP	Consumer Price Index for All Urban Wage Earners and Clerical Workers: Household Operations in U.S. City Average
134176	1	M		NSA	CWUR0000SAH	Consumer Price Index for All Urban Wage Earners and Clerical Workers: Housing in U.S. City Average
134182	1	M		NSA	CWUR0000SEHB	Consumer Price Index for All Urban Wage Earners and Clerical Workers: Lodging Away from Home in U.S. City Average
134226	1	M		NSA	CWUR0000SANL11	Consumer Price Index for All Urban Wage Earners and Clerical Workers: Nondurables Less Food and Beverages in U.S. City Average
134227	1	M		NSA	CWUR0000SANL113	Consumer Price Index for All Urban Wage Earners and Clerical Workers: Nondurables Less Food, Beverages, and Apparel in U.S. City Average
134184	1	M		NSA	CWUR0000SEHC01	Consumer Price Index for All Urban Wage Earners and Clerical Workers: Owners' Equivalent Rent of Primary Residence in U.S. City Average
134183	1	M		NSA	CWUR0000SEHC	Consumer Price Index for All Urban Wage Earners and Clerical Workers: Owners' Equivalent Rent of Residences in U.S. City Average
134181	1	M		NSA	CWUR0000SEHA	Consumer Price Index for All Urban Wage Earners and Clerical Workers: Rent of Primary Residence in U.S. City Average
134229	5	M		NSA	CWUR0000SAS2RS	Consumer Price Index for All Urban Wage Earners and Clerical Workers: Rent of Shelter in U.S. City Average
134228	1	M		NSA	CWUR0000SAS	Consumer Price Index for All Urban Wage Earners and Clerical Workers: Services in U.S. City Average
134177	1	M		NSA	CWUR0000SAH1	Consumer Price Index for All Urban Wage Earners and Clerical Workers: Shelter in U.S. City Average
134232	1	M		NSA	CWUR0000SEHD	Consumer Price Index for All Urban Wage Earners and Clerical Workers: Tenants' and Household Insurance in U.S. City Average
134231	1	M		NSA	CWUR0000SAS4	Consumer Price Index for All Urban Wage Earners and Clerical Workers: Transportation Services in U.S. City Average
134187	3	M		NSA	CWUR0000SEHG	Consumer Price Index for All Urban Wage Earners and Clerical Workers: Water and Sewer and Trash Collection Services in U.S. City Average
11618	34	W		NSA	CCNSA	Continued Claims (Insured Unemployment)
11628	3	W		NSA	PRICCLAIMS	Continued Claims (Insured Unemployment) in Puerto Rico
11636	1	W		NSA	VIRCCLAIMS	Continued Claims (Insured Unemployment) in the U.S. Virgin Islands
140439	1	A		NSA	Y801RZ2A224NBEA	Contributions to percent change in Exports of goods and services: Export of services: Travel (for all purposes including education)
140762	1	A		NSA	Y805RZ2A224NBEA	Contributions to percent change in Imports of goods and services: Imports of services: Travel (for all purposes including education)
140160	1	A		NSA	A253RZ2A224NBEA	Contributions to percent change in real exports of goods
140215	1	A		NSA	A646RZ2A224NBEA	Contributions to percent change in real exports of services
140482	1	A		NSA	A255RZ2A224NBEA	Contributions to percent change in real imports of goods
140594	1	A		NSA	B656RZ2A224NBEA	Contributions to percent change in real imports of services
140043	1	A		NSA	W040RW2A224NBEA	Contributions to percent change in real private fixed investment in new structures
72058	1	A		NSA	CCRCAALFFTE4116233	Contributions, Gifts, and Grants Received for Continuing Care Retirement Communities and Assisted Living Facilities for The Elderly, All Establishments, Employer Firms
75726	0	A		NSA	FPCCGAGRAEE462141	Contributions, Gifts, and Grants Received for Family Planning Centers, All Establishments, Employer Firms
76367	1	A		NSA	OCCCGAGRAEE46214	Contributions, Gifts, and Grants Received for Outpatient Care Centers, All Establishments, Employer Firms
145752	1	A		NSA	B058RC0A144NBEA	Corporate Inventory Valuation Adjustment (DISCONTINUED)
145628	1	A		NSA	A052RC1A027NBEA	Corporate profits with inventory valuation adjustment
145627	4	A		NSA	A051RC1A027NBEA	Corporate profits with inventory valuation and capital consumption adjustments
145756	1	A		NSA	B1174C1A027NBEA	Corporate profits: Total receipts less total deductions, IRS
145778	2	A		NSA	B1633C1A027NBEA	Corporate profits: Total receipts less total deductions, IRS: Adjustment for misreporting on income tax returns
145759	1	A		NSA	B1177C1A027NBEA	Corporate profits: Total receipts less total deductions, IRS: Adjustment to depreciate expenditures for mining exploration, shafts, and wells
145758	1	A		NSA	B1176C1A027NBEA	Corporate profits: Total receipts less total deductions, IRS: Depletion on domestic minerals
146351	1	A		NSA	W779RC1A027NBEA	Corporate profits: Total receipts less total deductions, IRS: Disaster adjustments (net)
145641	1	A		NSA	A1629C1A027NBEA	Corporate profits: Total receipts less total deductions, IRS: Income of organizations not filing corporation income tax returns
145775	1	A		NSA	B1630C1A027NBEA	Corporate profits: Total receipts less total deductions, IRS: Income of organizations not filing corporation income tax returns: Federal Reserve banks
145776	1	A		NSA	B1631C1A027NBEA	Corporate profits: Total receipts less total deductions, IRS: Income of organizations not filing corporation income tax returns: Federally sponsored credit agencies
145761	1	A		NSA	B1181C1A027NBEA	Corporate profits: Total receipts less total deductions, IRS: Interest payments of regulated investment companies
145757	1	A		NSA	B1175C1A027NBEA	Corporate profits: Total receipts less total deductions, IRS: Posttabulation amendments and revisions
145760	1	A		NSA	B1179C1A027NBEA	Corporate profits: Total receipts less total deductions, IRS: State and local taxes on corporate income
72608	1	A		NSA	EXPCOIEF481ALLEST	Cost of Insurance for Air Transportation, All Establishments, Employer Firms
72612	1	A		NSA	EXPCOIEF486ALLEST	Cost of Insurance for Pipeline Transportation, All Establishments, Employer Firms
72613	1	A		NSA	EXPCOIEF487ALLEST	Cost of Insurance for Scenic and Sightseeing Transportation, All Establishments, Employer Firms
72614	1	A		NSA	EXPCOIEF488ALLEST	Cost of Insurance for Support Activities for Transportation, All Establishments, Employer Firms
72611	1	A		NSA	EXPCOIEF485ALLEST	Cost of Insurance for Transit and Ground Passenger Transportation, All Establishments, Employer Firms
72610	2	A		NSA	EXPCOIEF484ALLEST	Cost of Insurance for Truck Transportation, All Establishments, Employer Firms
72609	1	A		NSA	EXPCOIEF483ALLEST	Cost of Insurance for Water Transportation, All Establishments, Employer Firms
11620	16	W		NSA	COVEMP	Covered Employment
11629	1	W		NSA	PRICEMPLOY	Covered Employment in Puerto Rico
11637	1	W		NSA	VIRCEMPLOY	Covered Employment in the U.S. Virgin Islands
108755	1	Q		NSA	CUNITL	"Credit Unions; Total Net Interbank Transactions; Liability, Level (DISCONTINUED)"""
140784	3	A		NSA	K1CTOTL1CD000	Current-Cost Net Stock of Consumer Durable Goods
140799	17	A		NSA	K1TTOTL1ES000	Current-Cost Net Stock of Fixed Assets
140800	8	A		NSA	K1WTOTL1ES000	Current-Cost Net Stock of Fixed Assets and Consumer Durable Goods
146332	1	Q		NSA	NA000253Q	Current surplus of government enterprises
134281	25	M		NSA	EXDNUS	Danish Kroner to U.S. Dollar Spot Exchange Rate
86473	1	M		NSA	DTBSPCKPLANM	Dealer Placed Asset-Backed Commercial Paper Outstanding
86475	1	M		NSA	DTBSPCKPLFNM	Dealer Placed Financial Commercial Paper Outstanding
86477	1	M		NSA	DTBSPCKPLNNM	Dealer Placed Nonfinancial Commercial Paper Outstanding
108685	1	M		NSA	DEBTNS	Debt of Domestic Nonfinancial Sectors (DISCONTINUED)
3320	28	M		NSA	STLPPMDEF	Deflation Probability
134523	41	M		NSA	DPSACBM027NBOG	Deposits, All Commercial Banks
134519	1	M		NSA	DNVACBM027NBOG	Derivatives with a Negative Fair Value, All Commercial Banks (DISCONTINUED)
134515	1	M		NSA	DFVACBM027NBOG	Derivatives with a Positive Fair Value, All Commercial Banks (DISCONTINUED)
10619	2	M		NSA	DHIDFHIRIPV	DHI-DFH Index of Recruiting Intensity per Vacancy (DISCONTINUED)
10620	1	M		NSA	DHIDFHMVDM	DHI-DFH Mean Vacancy Duration Measure (DISCONTINUED)
86526	1	M		NSA	H0DTBSPCKPDPFNM	Directly-Placed Financial Commercial Paper Outstanding (DISCONTINUED)
86527	1	M		NSA	H0DTBSPCKPDPNNM	Directly-Placed Nonfinancial Commercial Paper Outstanding (DISCONTINUED)
86481	1	M		NSA	DTBSPCKPTANM	Directly Placed Asset-Backed Commercial Paper Outstanding
86483	1	M		NSA	DTBSPCKPTFNM	Directly Placed Financial Commercial Paper Outstanding
86485	1	M		NSA	DTBSPCKPTNNM	Directly Placed Nonfinancial Commercial Paper Outstanding
82634	3	M		NSA	MDISCRT	Discount Rate (DISCONTINUED)
82635	21	M		NSA	MPCREDIT	Discount Window Primary Credit Rate
108503	20	A		NSA	W388RC1A027NBEA	Disposable household income
108343	25	A		NSA	A067RC1A027NBEA	Disposable personal income
14711	1	A		NSA	EMISSCO2VDFACBA	Distillate Fuel (Excluding Biodiesel) Transportation Sector Carbon Dioxide Emissions
14712	1	A		NSA	EMISSCO2VDFCCBA	Distillate Fuel Commercial Sector Carbon Dioxide Emissions
14713	1	A		NSA	EMISSCO2VDFICBA	Distillate Fuel Industrial Sector Carbon Dioxide Emissions
14714	1	A		NSA	EMISSCO2VDFRCBA	Distillate Fuel Residential Sector Carbon Dioxide Emissions
76322	0	A		NSA	NPDSAEEF451111	Distribution Services for Newspaper Publishers, All Establishments, Employer Firms
82861	4	W		NSA	TWEX	Dollar's Trade Weighted Exchange Index (DISCONTINUED)
134115	16	M		NSA	DAUPNSA	Domestic Auto Production
14922	1	Q		NSA	STFAFNQ	Domestic Finance Companies, Total Assets
14934	1	Q		NSA	STFAFXDFBANA	Domestic Finance Companies, Total Assets, Flow
14937	3	Q		NSA	STFCFXDFBANA	Domestic Finance Companies, Total Equity Capital, Flow
14960	1	Q		NSA	STFTFXDFBANA	Domestic Finance Companies, Total Liabilities and Equity Capital, Flow
14959	1	Q		NSA	STFTFNQ	Domestic Finance Companies; Total Liabilities and Capital
86439	1	M		NSA	DTBSPCKFDNM	Domestic Financial Commercial Paper Outstanding
86515	1	M		NSA	H0DTBSPCKIFDNM	Domestic Financial Commercial Paper Outstanding (DISCONTINUED)
110061	4	Q		NSA	FBTALDQ027S	Domestic Financial Sectors; Total Assets (Does Not Include Land), Level
110065	1	Q		NSA	FBTCDTQ027S	Domestic Financial Sectors; Total Currency and Deposits; Asset, Level
110067	20	Q		NSA	FBTFASQ027S	Domestic Financial Sectors; Total Financial Assets, Level
109977	2	Q		NSA	FBLIEQQ027S	Domestic Financial Sectors; Total Liabilities and Equity, Level
110019	1	Q		NSA	FBNWMAQ027S	Domestic Financial Sectors; Total Liabilities and Net Worth (IMA), Level
109984	1	Q		NSA	FBLSRAQ027S	Domestic Financial Sectors; Total Loans Including Security Repurchase Agreements; Liability, Level (DISCONTINUED)
110047	1	Q		NSA	FBREPOQ027S	Domestic Financial Sectors; Total Loans; Asset, Level
110077	1	Q		NSA	FBTMASQ027S	Domestic Financial Sectors; Total Mortgages; Asset, Level
86460	1	M		NSA	DTBSPCKNDNM	Domestic Nonfinancial Commercial Paper Outstanding
86523	1	M		NSA	H0DTBSPCKINDNM	Domestic Nonfinancial Commercial Paper Outstanding (DISCONTINUED)
142754	1	A		NSA	B148RC1A027NBEA	Domestic output of new autos
71873	1	A		NSA	ATDNPTBAAEE4481	Domestic, Non-Scheduled Passenger Transportation by Air for Air Transportation, All Establishments, Employer Firms
138113	2	A		NSA	MPU9920012	Durable Manufacturing Sector: Total Factor Productivity
71312	24	Q		NSA	ECOMNSA	E-Commerce Retail Sales
71313	15	Q		NSA	ECOMPCTNSA	E-Commerce Retail Sales as a Percent of Total Sales
72245	1	A		NSA	ECREF5223ALLEST	E-Commerce Revenue for Activities Related to Credit Intermediation, All Establishments, Employer Firms (DISCONTINUED)
72253	1	A		NSA	ECREF56ALLEST	E-Commerce Revenue for Administrative and Support and Waste Management and Remediation Services, All Establishments, Employer Firms (DISCONTINUED)
72228	1	A		NSA	ECREF481ALLEST	E-Commerce Revenue for Air Transportation, All Establishments, Employer Firms (DISCONTINUED)
72256	1	A		NSA	ECREF71ALLEST	E-Commerce Revenue for Arts, Entertainment, and Recreation, All Establishments, Employer Firms (DISCONTINUED)
72240	1	A		NSA	ECREF515ALLEST	E-Commerce Revenue for Broadcasting (except Internet) , All Establishments , Employer Firms (DISCONTINUED)
72250	1	A		NSA	ECREF5415ALLEST	E-Commerce Revenue for Computer Systems Design and Related Services, All Establishments, Employer Firms (DISCONTINUED)
72236	1	A		NSA	ECREF492ALLEST	E-Commerce Revenue for Couriers and Messengers, All Establishments, Employer Firms (DISCONTINUED)
72242	1	A		NSA	ECREF518ALLEST	E-Commerce Revenue for Data Processing, Hosting, and Related Services, All Establishments, Employer Firms (DISCONTINUED)
72254	1	A		NSA	ECREF61ALLEST	E-Commerce Revenue for Educational Services, All Establishments, Employer Firms (DISCONTINUED)
72247	1	A		NSA	ECREF52ALLEST	E-Commerce Revenue for Finance and Insurance, All Establishments, Employer Firms (DISCONTINUED)
72255	1	A		NSA	ECREF62ALLEST	E-Commerce Revenue for Health Care and Social Assistance, All Establishments, Employer Firms (DISCONTINUED)
72244	1	A		NSA	ECREF51ALLEST	E-Commerce Revenue for Information, All Establishments, Employer Firms (DISCONTINUED)
72239	1	A		NSA	ECREF512ALLEST	E-Commerce Revenue for Motion Picture and Sound Recording Industries , All Establishments , Employer Firms (DISCONTINUED)
72258	1	A		NSA	ECREF812ALLEST	E-Commerce Revenue for Personal and Laundry Services, All Establishments, Employer Firms (DISCONTINUED)
72233	1	A		NSA	ECREF486ALLEST	E-Commerce Revenue for Pipeline transportation, All Establishments, Employer Firms (DISCONTINUED)
72251	1	A		NSA	ECREF54ALLEST	E-Commerce Revenue for Professional, Scientific, and Technical Services, All Establishments, Employer Firms (DISCONTINUED)
72238	1	A		NSA	ECREF511ALLEST	E-Commerce Revenue for Publishing Industries (except Internet), All Establishments, Employer Firms (DISCONTINUED)
72249	1	A		NSA	ECREF53ALLEST	E-Commerce Revenue for Real Estate and Rental and Leasing, All Establishments, Employer Firms (DISCONTINUED)
72259	1	A		NSA	ECREF813ALLEST	E-Commerce Revenue for Religious, Grantmaking, Civic, Professional, and Similar Organizations, All Establishments, Employer Firms (DISCONTINUED)
72248	1	A		NSA	ECREF532ALLEST	E-Commerce Revenue for Rental and Leasing Services, All Establishments, Employer Firms (DISCONTINUED)
72257	1	A		NSA	ECREF811ALLEST	E-Commerce Revenue for Repair and Maintenance, All Establishments, Employer Firms (DISCONTINUED)
72234	1	A		NSA	ECREF487ALLEST	E-Commerce Revenue for Scenic and Sightseeing Transportation, All Establishments, Employer Firms (DISCONTINUED)
72246	1	A		NSA	ECREF5231ALLEST	E-Commerce Revenue for Securities and Commodity Contracts Intermediation and Brokerage, All Establishments, Employer Firms (DISCONTINUED)
72235	1	A		NSA	ECREF488ALLEST	E-Commerce Revenue for Support Activities for Transportation, All Establishments, Employer Firms (DISCONTINUED)
72241	1	A		NSA	ECREF517ALLEST	E-Commerce Revenue for Telecommunications, All Establishments, Employer Firms (DISCONTINUED)
72232	1	A		NSA	ECREF485ALLEST	E-Commerce Revenue for Transit and Ground Passenger Transportation, All Establishments, Employer Firms (DISCONTINUED)
72230	1	A		NSA	ECREF4849YALLEST	E-Commerce Revenue for Transportation and Warehousing, All Establishments, Employer Firms (DISCONTINUED)
72252	1	A		NSA	ECREF5615ALLEST	E-Commerce Revenue for Travel Arrangement and Reservation Services, All Establishments, Employer Firms (DISCONTINUED)
72231	1	A		NSA	ECREF484ALLEST	E-Commerce Revenue for Truck Transportation, All Establishments, Employer Firms (DISCONTINUED)
72227	1	A		NSA	ECREF22ALLEST	E-Commerce Revenue for Utilities, All Establishments, Employer Firms (DISCONTINUED)
72237	1	A		NSA	ECREF493ALLEST	E-Commerce Revenue for Warehousing and Storage, All Establishments, Employer Firms (DISCONTINUED)
72229	1	A		NSA	ECREF483ALLEST	E-Commerce Revenue for Water Transportation, All Establishments, Employer Firms (DISCONTINUED)
82596	80	D		NSA	EFFR	Effective Federal Funds Rate
82604	44	D		NSA	EFFRVOL	Effective Federal Funds Volume
14687	4	A		NSA	EMISSCO2TOTVECTOUSA	Electric Power Carbon Dioxide Emissions, All Fuels for United States
70286	1	M		NSA	KWB00001N	Electric Power Use: Manufacturing and Mining: Total Industrial Production (DISCONTINUED)
70291	1	M		NSA	KWB00002N	Electric Power Use: Manufacturing and Mining: Total Less Nuclear Non-Defense (DISCONTINUED)
137942	2	A		NSA	MPU5300641	Electrical Equipment
137909	1	A		NSA	MPU5300012	Electrical Equipment, Appliances, and Components: Total Factor Productivity
82248	1	Q		NSA	CIU1030000000000I	Employment Cost Index: Total benefits for All Civilian workers in All industries and occupations
82434	6	Q		NSA	CIU2030000000000I	Employment Cost Index: Total benefits for Private industry workers in All industries and occupations
106422	2	A		NSA	IPUWN901W200000000	Employment for Government (Excluding Postal Service) (NAICS 901) in the United States
104550	1	A		NSA	IPUON55W010000000	Employment for Management of Companies and Enterprises (NAICS 55) in the United States
104544	1	A		NSA	IPUON551W010000000	Employment for Management of Companies and Enterprises (NAICS 551) in the United States
104538	1	A		NSA	IPUON5511W010000000	Employment for Management of Companies and Enterprises (NAICS 5511) in the United States
104532	1	A		NSA	IPUON55111W010000000	Employment for Management of Companies and Enterprises (NAICS 55111) in the United States
108025	1	A		NSA	IPUZNW010110000	Employment for Private Nonfarm in the District of Columbia
110131	1	Q		NSA	REITMIQ027S	Equity Real Estate Investment Trusts; Total Mortgages; Liability, Level
78987	1	A		NSA	RPCAFPEF484ALLEST	Estimated Revenue by Commodities Handled: Agricultural and Fish Products for Truck Transportation, All Establishments, Employer Firms (DISCONTINUED)
79612	1	A		NSA	TTERBCHAPAE8484	Estimated Revenue by Commodities Handled: Agricultural Products for Truck Transportation, All Establishments, Employer Firms
78990	1	A		NSA	RPCBMMEF484ALLEST	Estimated Revenue by Commodities Handled: Base Metal and Machinery for Truck Transportation, All Establishments, Employer Firms
78995	1	A		NSA	RPCCPPEF484ALLEST	Estimated Revenue by Commodities Handled: Coal and Petroleum Products for Truck Transportation, All Establishments, Employer Firms
79613	1	A		NSA	TTERBCHEAPI8484	Estimated Revenue by Commodities Handled: Electronic and Precision Instruments and Motorized Vehicles for Truck Transportation, All Establishments, Employer Firms
78996	1	A		NSA	RPCEMVEF484ALLEST	Estimated Revenue by Commodities Handled: Electronic, Motorized Vehicles, and Precision Instruments for Truck Transportation, All Establishments, Employer Firms (DISCONTINUED)
79002	1	A		NSA	RPCGATEF484ALLEST	Estimated Revenue by Commodities Handled: Grains, Alcohol, and Tobacco Products for Truck Transportation, All Establishments, Employer Firms
79027	1	A		NSA	RPCPCPEF484ALLEST	Estimated Revenue by Commodities Handled: Pharmaceutical and Chemical Products for Truck Transportation, All Establishments, Employer Firms
79038	1	A		NSA	RPCSNMEF484ALLEST	Estimated Revenue by Commodities Handled: Stone, Nonmetallic Minerals, and Metallic Ores for Truck Transportation, All Establishments, Employer Firms
79054	1	A		NSA	RPCUHOEF484ALLEST	Estimated Revenue by Commodities Handled: Used Household and office Goods for Truck Transportation, All Establishments, Employer Firms
79055	1	A		NSA	RPCWPTEF484ALLEST	Estimated Revenue by Commodities Handled: Wood Products, Textiles, and Leathers for Truck Transportation, All Establishments, Employer Firms
79005	1	A		NSA	RPCHMSEF484ALLEST	Estimated Revenue by Hazardous Materials for Truck Transportation, All Establishments, Employer Firms
21793	39	M		NSA	EXHOSLUSM495N	Existing Home Sales
21795	18	M		NSA	EXSFHSUSM495N	Existing Single-Family Home Sales
131734	35	A		NSA	CXUTOTALEXPLB0407M	Expenditures: Total Average Annual Expenditures by Age: Age 65 or over
131736	3	A		NSA	CXUTOTALEXPLB0409M	Expenditures: Total Average Annual Expenditures by Age: Age 75 or over
131730	24	A		NSA	CXUTOTALEXPLB0403M	Expenditures: Total Average Annual Expenditures by Age: from Age 25 to 34
131731	7	A		NSA	CXUTOTALEXPLB0404M	Expenditures: Total Average Annual Expenditures by Age: from Age 35 to 44
131732	8	A		NSA	CXUTOTALEXPLB0405M	Expenditures: Total Average Annual Expenditures by Age: from Age 45 to 54
131733	11	A		NSA	CXUTOTALEXPLB0406M	Expenditures: Total Average Annual Expenditures by Age: from Age 55 to 64
131735	11	A		NSA	CXUTOTALEXPLB0408M	Expenditures: Total Average Annual Expenditures by Age: from Age 65 to 74
131729	8	A		NSA	CXUTOTALEXPLB0402M	Expenditures: Total Average Annual Expenditures by Age: Under Age 25
131785	1	A		NSA	CXUTOTALEXPLB1306M	Expenditures: Total Average Annual Expenditures by Education: Associate Degree
131787	1	A		NSA	CXUTOTALEXPLB1308M	Expenditures: Total Average Annual Expenditures by Education: Bachelor's Degree
131783	1	A		NSA	CXUTOTALEXPLB1304M	Expenditures: Total Average Annual Expenditures by Education: High School Graduate
131784	1	A		NSA	CXUTOTALEXPLB1305M	Expenditures: Total Average Annual Expenditures by Education: High School Graduate with Some College
131782	1	A		NSA	CXUTOTALEXPLB1303M	Expenditures: Total Average Annual Expenditures by Education: Less Than High School Graduate
131788	1	A		NSA	CXUTOTALEXPLB1309M	Expenditures: Total Average Annual Expenditures by Education: Master's, Professional, Doctorate
131786	1	A		NSA	CXUTOTALEXPLB1307M	Expenditures: Total Average Annual Expenditures by Education: Total, College Graduate
131781	1	A		NSA	CXUTOTALEXPLB1302M	Expenditures: Total Average Annual Expenditures by Education: Total, Less Than College Graduate
131810	1	A		NSA	CXUTOTALEXPLB1605M	Expenditures: Total Average Annual Expenditures by Generation: Birth Year from 1928 to 1945
131809	3	A		NSA	CXUTOTALEXPLB1604M	Expenditures: Total Average Annual Expenditures by Generation: Birth Year from 1946 to 1964
131808	1	A		NSA	CXUTOTALEXPLB1603M	Expenditures: Total Average Annual Expenditures by Generation: Birth Year from 1965 to 1980
131813	1	A		NSA	CXUTOTALEXPLB1608M	Expenditures: Total Average Annual Expenditures by Generation: Birth Year from 1981 to 1996
131811	1	A		NSA	CXUTOTALEXPLB1606M	Expenditures: Total Average Annual Expenditures by Generation: Birth Year of 1927 or Earlier
131814	1	A		NSA	CXUTOTALEXPLB1609M	Expenditures: Total Average Annual Expenditures by Generation: Birth Year of 1945 or Earlier
131807	1	A		NSA	CXUTOTALEXPLB1602M	Expenditures: Total Average Annual Expenditures by Generation: Birth Year of 1981 or Later
131812	1	A		NSA	CXUTOTALEXPLB1607M	Expenditures: Total Average Annual Expenditures by Generation: Birth Year of 1997 or Later
131795	1	A		NSA	CXUTOTALEXPLB1408M	Expenditures: Total Average Annual Expenditures by Highest Education: College Graduate: Bachelor's Degree
131796	1	A		NSA	CXUTOTALEXPLB1409M	Expenditures: Total Average Annual Expenditures by Highest Education: College Graduate: Master's, Professional, Doctoral Degree
131794	1	A		NSA	CXUTOTALEXPLB1407M	Expenditures: Total Average Annual Expenditures by Highest Education: College Graduate: Total
131793	1	A		NSA	CXUTOTALEXPLB1406M	Expenditures: Total Average Annual Expenditures by Highest Education: Less Than College Graduate: Associate's Degree
131791	1	A		NSA	CXUTOTALEXPLB1404M	Expenditures: Total Average Annual Expenditures by Highest Education: Less Than College Graduate: High School Graduate
131792	1	A		NSA	CXUTOTALEXPLB1405M	Expenditures: Total Average Annual Expenditures by Highest Education: Less Than College Graduate: High School Graduate with Some College
131790	1	A		NSA	CXUTOTALEXPLB1403M	Expenditures: Total Average Annual Expenditures by Highest Education: Less Than College Graduate: Less Than High School Graduate
131789	2	A		NSA	CXUTOTALEXPLB1402M	Expenditures: Total Average Annual Expenditures by Highest Education: Less Than College Graduate: Total
131815	3	A		NSA	CXUTOTALEXPLB1702M	Expenditures: Total Average Annual Expenditures by Housing Tenure: Home Owner
131816	3	A		NSA	CXUTOTALEXPLB1703M	Expenditures: Total Average Annual Expenditures by Housing Tenure: Homeowner with Mortgage
131817	1	A		NSA	CXUTOTALEXPLB1704M	Expenditures: Total Average Annual Expenditures by Housing Tenure: Homeowner without Mortgage
131818	5	A		NSA	CXUTOTALEXPLB1705M	Expenditures: Total Average Annual Expenditures by Housing Tenure: Renter
131707	1	A		NSA	CXUTOTALEXPLB0204M	Expenditures: Total Average Annual Expenditures by Income Before Taxes: $10,000 to $14,999
131717	1	A		NSA	CXUTOTALEXPLB0214M	Expenditures: Total Average Annual Expenditures by Income Before Taxes: $100,000 and over
131718	1	A		NSA	CXUTOTALEXPLB0215M	Expenditures: Total Average Annual Expenditures by Income Before Taxes: $100,000 to $119,999
131724	1	A		NSA	CXUTOTALEXPLB0221M	Expenditures: Total Average Annual Expenditures by Income Before Taxes: $100,000 to $149,999
131719	1	A		NSA	CXUTOTALEXPLB0216M	Expenditures: Total Average Annual Expenditures by Income Before Taxes: $120,000 to $149,999
131708	1	A		NSA	CXUTOTALEXPLB0205M	Expenditures: Total Average Annual Expenditures by Income Before Taxes: $15,000 to $19,999
131722	1	A		NSA	CXUTOTALEXPLB0219M	Expenditures: Total Average Annual Expenditures by Income Before Taxes: $15,000 to $29,999
131720	1	A		NSA	CXUTOTALEXPLB0217M	Expenditures: Total Average Annual Expenditures by Income Before Taxes: $150,000 and over
131725	1	A		NSA	CXUTOTALEXPLB0222M	Expenditures: Total Average Annual Expenditures by Income Before Taxes: $150,000 to $199,999
131709	1	A		NSA	CXUTOTALEXPLB0206M	Expenditures: Total Average Annual Expenditures by Income Before Taxes: $20,000 to $29,999
131726	1	A		NSA	CXUTOTALEXPLB0223M	Expenditures: Total Average Annual Expenditures by Income Before Taxes: $200,000 and More
131710	7	A		NSA	CXUTOTALEXPLB0207M	Expenditures: Total Average Annual Expenditures by Income Before Taxes: $30,000 to $39,999
131711	1	A		NSA	CXUTOTALEXPLB0208M	Expenditures: Total Average Annual Expenditures by Income Before Taxes: $40,000 to $49,999
131706	1	A		NSA	CXUTOTALEXPLB0203M	Expenditures: Total Average Annual Expenditures by Income Before Taxes: $5,000 to $9,999
131727	0	A		NSA	CXUTOTALEXPLB02A1M	Expenditures: Total Average Annual Expenditures by Income Before Taxes: $50,000 and over
131712	1	A		NSA	CXUTOTALEXPLB0209M	Expenditures: Total Average Annual Expenditures by Income Before Taxes: $50,000 to $69,999
131713	1	A		NSA	CXUTOTALEXPLB0210M	Expenditures: Total Average Annual Expenditures by Income Before Taxes: $70,000 and over
131715	1	A		NSA	CXUTOTALEXPLB0212M	Expenditures: Total Average Annual Expenditures by Income Before Taxes: $70,000 to $79,999
131723	1	A		NSA	CXUTOTALEXPLB0220M	Expenditures: Total Average Annual Expenditures by Income Before Taxes: $70,000 to $99,999
131716	1	A		NSA	CXUTOTALEXPLB0213M	Expenditures: Total Average Annual Expenditures by Income Before Taxes: $80,000 to $99,999
131721	1	A		NSA	CXUTOTALEXPLB0218M	Expenditures: Total Average Annual Expenditures by Income Before Taxes: Less Than $15,000
131705	1	A		NSA	CXUTOTALEXPLB0202M	Expenditures: Total Average Annual Expenditures by Income Before Taxes: Less Than $5,000
131714	1	A		NSA	CXUTOTALEXPLB0211M	Expenditures: Total Average Annual Expenditures by Income Before Taxes: Less Than $70,000
131728	1	A		NSA	CXUTOTALEXPLB02A2M	Expenditures: Total Average Annual Expenditures by Income Before Taxes: Total Complete Income Reporters
131756	1	A		NSA	CXUTOTALEXPLB0704M	Expenditures: Total Average Annual Expenditures by Number of Earners: Consumer Units of Two or More People, No Earners
131757	1	A		NSA	CXUTOTALEXPLB0705M	Expenditures: Total Average Annual Expenditures by Number of Earners: Consumer Units of Two or More People, One Earner
131759	1	A		NSA	CXUTOTALEXPLB0707M	Expenditures: Total Average Annual Expenditures by Number of Earners: Consumer Units of Two or More People, Three or More Earners
131758	1	A		NSA	CXUTOTALEXPLB0706M	Expenditures: Total Average Annual Expenditures by Number of Earners: Consumer Units of Two or More People, Two Earners
131754	1	A		NSA	CXUTOTALEXPLB0702M	Expenditures: Total Average Annual Expenditures by Number of Earners: Single Consumers, No Earner
131755	1	A		NSA	CXUTOTALEXPLB0703M	Expenditures: Total Average Annual Expenditures by Number of Earners: Single Consumers, One Earner
131779	11	A		NSA	CXUTOTALEXPLB1209M	Expenditures: Total Average Annual Expenditures by Occupation: Retired
131772	1	A		NSA	CXUTOTALEXPLB1202M	Expenditures: Total Average Annual Expenditures by Occupation: Self-Employed Workers
131773	4	A		NSA	CXUTOTALEXPLB1203M	Expenditures: Total Average Annual Expenditures by Occupation: Total Wage and Salary Earners
131777	1	A		NSA	CXUTOTALEXPLB1207M	Expenditures: Total Average Annual Expenditures by Occupation: Wage and Salary Earners: Construction Workers and Mechanics
131774	2	A		NSA	CXUTOTALEXPLB1204M	Expenditures: Total Average Annual Expenditures by Occupation: Wage and Salary Earners: Managers and Professionals
131778	1	A		NSA	CXUTOTALEXPLB1208M	Expenditures: Total Average Annual Expenditures by Occupation: Wage and Salary Earners: Operators, Fabricators and Laborers
131776	1	A		NSA	CXUTOTALEXPLB1206M	Expenditures: Total Average Annual Expenditures by Occupation: Wage and Salary Earners: Service Workers
131775	2	A		NSA	CXUTOTALEXPLB1205M	Expenditures: Total Average Annual Expenditures by Occupation: Wage and Salary Earners: Technological, Sales, and Clerical Workers
131762	1	A		NSA	CXUTOTALEXPLB0904M	Expenditures: Total Average Annual Expenditures by Race: Asian
131763	20	A		NSA	CXUTOTALEXPLB0905M	Expenditures: Total Average Annual Expenditures by Race: Black or African American
131822	1	A		NSA	CXUTOTALEXPLB1805M	Expenditures: Total Average Annual Expenditures by Type of Area: Rural
131819	1	A		NSA	CXUTOTALEXPLB1802M	Expenditures: Total Average Annual Expenditures by Type of Area: Urban
131820	1	A		NSA	CXUTOTALEXPLB1803M	Expenditures: Total Average Annual Expenditures by Type of Area: Urban: Central City
131697	17	A		NSA	CXUTOTALEXPLB0101M	Expenditures: Total Average Annual Expenditures: All Consumer Units
155768	44	M		NSA	IQ	Export Price Index (End Use): All Commodities
155900	1	M		NSA	IQEXCOM	Export Price Index (End Use): All Commodities, Excluding Computers, Peripherals and Semiconductors
155901	7	M		NSA	IQEXFDFLS	Export Price Index (End Use): All Exports Excluding Food and Fuels
72299	1	A		NSA	ERVEF54131ALLEST	Export Revenue for Architectural Services, All Establishments, Employer Firms
72285	1	A		NSA	ERVEF51113ALLEST	Export Revenue for Book Publishers, All Establishments, Employer Firms
72295	1	A		NSA	ERVEF52314ALLEST	Export Revenue for Commodity Contracts Brokerage, All Establishments, Employer Firms
72294	1	A		NSA	ERVEF52313ALLEST	Export Revenue for Commodity Contracts Dealing, All Establishments, Employer Firms
72305	1	A		NSA	ERVEF5415ALLEST	Export Revenue for Computer Systems Design and Related Services, All Establishments, Employer Firms
72286	1	A		NSA	ERVEF51114ALLEST	Export Revenue for Directory and Mailing List Publishers, All Establishments, Employer Firms
72301	1	A		NSA	ERVEF54133ALLEST	Export Revenue for Engineering Services, All Establishments, Employer Firms
72307	1	A		NSA	ERVEF54162ALLEST	Export Revenue for Environmental Consulting Services, All Establishments, Employer Firms
72287	1	A		NSA	ERVEF511191ALLEST	Export Revenue for Greeting Card Publishers, All Establishments, Employer Firms
72314	1	A		NSA	ERVEF7115ALLEST	Export Revenue for Independent Artists, Writers, and Performers, All Establishments, Employer Firms
72297	1	A		NSA	ERVEF52393ALLEST	Export Revenue for Investment Advice, All Establishments, Employer Firms
72292	1	A		NSA	ERVEF52311ALLEST	Export Revenue for Investment Banking and Securities Dealing, All Establishments, Employer Firms
72300	1	A		NSA	ERVEF54132ALLEST	Export Revenue for Landscape Architectural Services, All Establishments, Employer Firms
72306	2	A		NSA	ERVEF54161ALLEST	Export Revenue for Management Consulting Services, All Establishments, Employer Firms
72291	2	A		NSA	ERVEF5121XALLEST	Export Revenue for Motion Picture and Video Production and Distribution, All Establishments, Employer Firms
72283	1	A		NSA	ERVEF51111ALLEST	Export Revenue for Newspaper Publishers, All Establishments, Employer Firms
72298	1	A		NSA	ERVEF54111ALLEST	Export Revenue for Offices of Lawyers, All Establishments, Employer Firms
72313	1	A		NSA	ERVEF7111ALLEST	Export Revenue for Performing Arts Companies, All Establishments, Employer Firms
72284	1	A		NSA	ERVEF51112ALLEST	Export Revenue for Periodical Publishers, All Establishments, Employer Firms
72296	1	A		NSA	ERVEF52392ALLEST	Export Revenue for Portfolio Management, All Establishments, Employer Firms
72309	1	A		NSA	ERVEF54171ALLEST	Export Revenue for Research and Development in the Physical, Engineering, and Life Sciences, All Establishments, Employer Firms
72310	1	A		NSA	ERVEF54172ALLEST	Export Revenue for Research and Development in the Social Sciences and Humanities, All Establishments, Employer Firms
72293	1	A		NSA	ERVEF52312ALLEST	Export Revenue for Securities Brokerage, All Establishments, Employer Firms
72289	1	A		NSA	ERVEF5112ALLEST	Export Revenue for Software Publishers, All Establishments, Employer Firms
72304	1	A		NSA	ERVEF5413ZALLEST	Export Revenue for Surveying and Mapping Services, All Establishments, Employer Firms
72302	1	A		NSA	ERVEF54138ALLEST	Export Revenue for Testing Laboratories, All Establishments, Employer Firms
72312	1	A		NSA	ERVEF56152ALLEST	Export Revenue for Tour Operators, All Establishments, Employer Firms
72311	1	A		NSA	ERVEF56151ALLEST	Export Revenue for Travel Agencies, All Establishments, Employer Firms
140238	1	A		NSA	B181RC1A027NBEA	Exports of agricultural goods
146337	3	Q		NSA	NA000353Q	Exports of Goods
140399	4	Q		NSA	NA000352Q	Exports of Goods and Services
140145	1	A		NSA	A182RC1A027NBEA	Exports of nonagricultural goods
140400	3	Q		NSA	NA000354Q	Exports of Services
140432	2	A		NSA	Y801RC1A027NBEA	Exports of services: Travel (for all purposes including education)
137756	1	A		NSA	MPU5150012	Fabricated Metal Products: Total Factor Productivity
11553	4	A		NSA	OFHHFH	Family Households with Female Householder
11554	4	A		NSA	OFHHMH	Family Households with Male Householder
11511	11	A		NSA	FHHWMC	Family Households with Married Couples
142836	16	A		NSA	A2000C1A027NBEA	Farm output
134528	1	M		NSA	FRPACBM027NBOG	Fed Funds and Reverse RPs with Banks, All Commercial Banks (DISCONTINUED)
13736	17	Q		NSA	FDHBATN	Federal Debt Held by Agencies and Trusts
13740	54	Q		NSA	FDHBFRBN	Federal Debt Held by Federal Reserve Banks
13738	61	Q		NSA	FDHBFIN	Federal Debt Held by Foreign and International Investors
13742	37	Q		NSA	FDHBPIN	Federal Debt Held by Private Investors
13751	57	Q		NSA	FYGFDPUN	Federal Debt Held by the Public
13759	86	Q		NSA	GFDEBTN	Federal Debt: Total Public Debt
82605	97	M		NSA	FEDFUNDS	Federal Funds Effective Rate
82589	52	D		NSA	DFEDTAR	Federal Funds Target Rate (DISCONTINUED)
141425	1	Q		NSA	NA000291Q	Federal government consumption expenditures
141309	1	Q		NSA	A957RU1Q027NBEA	Federal government consumption expenditures (DISCONTINUED)
138849	1	Q		NSA	A918RU1Q027NBEA	Federal government consumption of fixed capital (DISCONTINUED)
141961	1	Q		NSA	W013RU1Q027NBEA	Federal government current expenditures (DISCONTINUED)
142066	1	Q		NSA	NA000288Q	Federal government current transfer receipts
142075	1	Q		NSA	W011RU1Q027NBEA	Federal government current transfer receipts (DISCONTINUED)
141215	1	Q		NSA	A787RU1Q027NBEA	Federal government gross investment (DISCONTINUED)
110367	6	Q		NSA	FGTNILQ027S	Federal Government; Total Assets (Does Not Include Land), Level
110345	1	Q		NSA	FGTCAAQ027S	Federal Government; Total Currency and Deposits; Asset, Level
110339	1	Q		NSA	FGTADLQ027S	Federal Government; Total Currency and Deposits; Liability, Level
110351	2	Q		NSA	FGTFASQ027S	Federal Government; Total Financial Assets, Level
110361	7	Q		NSA	FGTLBLQ027S	Federal Government; Total Liabilities, Level
110357	1	Q		NSA	FGTLASQ027S	Federal Government; Total Loans; Asset, Level
108811	23	Q		NSA	FGTSL	Federal Government; Total Marketable Treasury Securities; Liability, Level
110390	1	Q		NSA	FGTTLMQ027S	Federal Government; Total Mortgages; Asset, Level
110374	2	Q		NSA	FGTRARQ027S	Federal Government; Total Residential and Nonresidential Structures, Level
110391	1	A		NSA	FGTTSDA027N	Federal government; total time and savings deposits; asset, Flow (DISCONTINUED)
110384	1	Q		NSA	FGTSDAQ027S	Federal government; total time and savings deposits; asset, Level (DISCONTINUED)
11574	50	A		NSA	STTMINWGFG	Federal Minimum Wage Rate under the Federal Fair Labor Standards Act
13755	48	A		NSA	FYONET	Federal Net Outlays
13756	63	A		NSA	FYONGDA188S	Federal Net Outlays as Percent of Gross Domestic Product
13743	53	A		NSA	FYFR	Federal Receipts
13744	67	A		NSA	FYFRGDA188S	Federal Receipts as Percent of Gross Domestic Product
82593	8	NA		NSA	DISCNTD8	Federal Reserve Bank of St. Louis Basic Discount Rate (DISCONTINUED)
13766	66	M		NSA	MTSDS133FMS	Federal Surplus or Deficit [-]
13747	74	A		NSA	FYFSGDA188S	Federal Surplus or Deficit [-] as Percent of Gross Domestic Product
142734	3	A		NSA	AB75RC1A027NBEA	Final sales of motor vehicles to domestic purchasers
109876	1	A		NSA	FBCDFRA027N	Financial business; total currency and deposits excluding Federal Reserve loans to domestic banks; liability, Flow (DISCONTINUED)
109875	1	Q		NSA	FBCDELQ027S	Financial business; total currency and deposits excluding Federal Reserve loans to domestic banks; liability, Level (DISCONTINUED)
86453	1	M		NSA	DTBSPCKFNM	Financial Commercial Paper Outstanding
86521	1	M		NSA	H0DTBSPCKIFNM	Financial Commercial Paper Outstanding (DISCONTINUED)
79680	1	A		NSA	WTCFLTAEEF415171	Fixed Local Telephony for Wired Telecommunications Carriers, All Establishments, Employer Firms
79681	1	A		NSA	WTCFLTAEEF425171	Fixed Long-Distance Telephony for Wired Telecommunications Carriers, All Establishments, Employer Firms
79682	1	A		NSA	WTCFSFADT45171	Fixed Services - Fixed All Distance Telephony (No Distinction Between Local Or Long Distance) for Wired Telecommunications Carriers, All Establishments, Employer Firms
138209	1	A		NSA	MPU5500012	Food and Beverage and Tobacco Products: Total Factor Productivity
86449	1	M		NSA	DTBSPCKFFNM	Foreign Financial Commercial Paper Outstanding
86518	1	M		NSA	H0DTBSPCKIFFNM	Foreign Financial Commercial Paper Outstanding (DISCONTINUED)
112276	1	M		NSA	FORLTTOTALNET39001	Foreign Net Transactions of All U.S. Long-Term Securities: Caribbean Banking Centers
112239	0	M		NSA	FORLTTOTALNET16721	Foreign Net Transactions of All U.S. Long-Term Securities: European Union
112321	1	M		NSA	FORLTTOTALNET59994	Foreign Net Transactions of All U.S. Long-Term Securities: Total Africa
112307	1	M		NSA	FORLTTOTALNET49999	Foreign Net Transactions of All U.S. Long-Term Securities: Total Asia
112263	0	M		NSA	FORLTTOTALNET34401	Foreign Net Transactions of All U.S. Long-Term Securities: Total Caribbean
112241	0	M		NSA	FORLTTOTALNET19992	Foreign Net Transactions of All U.S. Long-Term Securities: Total Europe
112328	1	M		NSA	FORLTTOTALNET72907	Foreign Net Transactions of All U.S. Long-Term Securities: Total International Orgs.
112330	0	M		NSA	FORLTTOTALNET79995	Foreign Net Transactions of All U.S. Long-Term Securities: Total IROs
112279	1	M		NSA	FORLTTOTALNET39942	Foreign Net Transactions of All U.S. Long-Term Securities: Total Latin America
112280	0	M		NSA	FORLTTOTALNET39993	Foreign Net Transactions of All U.S. Long-Term Securities: Total Latin America and Caribbean
112329	2	M		NSA	FORLTTOTALNET76929	Foreign Net Transactions of All U.S. Long-Term Securities: Total Regional Orgs.
111885	0	M		NSA	FORLTEQTYNET59994	Foreign Net Transactions of U.S. Equity Securities: Total Africa
111874	1	M		NSA	FORLTEQTYNET49999	Foreign Net Transactions of U.S. Equity Securities: Total Asia
111833	1	M		NSA	FORLTEQTYNET34401	Foreign Net Transactions of U.S. Equity Securities: Total Caribbean
111811	1	M		NSA	FORLTEQTYNET19992	Foreign Net Transactions of U.S. Equity Securities: Total Europe
111892	5	M		NSA	FORLTEQTYNET72907	Foreign Net Transactions of U.S. Equity Securities: Total International Orgs.
111894	0	M		NSA	FORLTEQTYNET79995	Foreign Net Transactions of U.S. Equity Securities: Total IROs
111849	0	M		NSA	FORLTEQTYNET39942	Foreign Net Transactions of U.S. Equity Securities: Total Latin America
111850	1	M		NSA	FORLTEQTYNET39993	Foreign Net Transactions of U.S. Equity Securities: Total Latin America and Caribbean
111893	1	M		NSA	FORLTEQTYNET76929	Foreign Net Transactions of U.S. Equity Securities: Total Regional Orgs.
111043	0	M		NSA	FORLTAGCYNET59994	Foreign Net Transactions of U.S. Long-Term Agency Bonds: Total Africa
111032	1	M		NSA	FORLTAGCYNET49999	Foreign Net Transactions of U.S. Long-Term Agency Bonds: Total Asia
110991	0	M		NSA	FORLTAGCYNET34401	Foreign Net Transactions of U.S. Long-Term Agency Bonds: Total Caribbean
110969	0	M		NSA	FORLTAGCYNET19992	Foreign Net Transactions of U.S. Long-Term Agency Bonds: Total Europe
111050	0	M		NSA	FORLTAGCYNET72907	Foreign Net Transactions of U.S. Long-Term Agency Bonds: Total International Orgs.
111052	0	M		NSA	FORLTAGCYNET79995	Foreign Net Transactions of U.S. Long-Term Agency Bonds: Total IROs
111007	1	M		NSA	FORLTAGCYNET39942	Foreign Net Transactions of U.S. Long-Term Agency Bonds: Total Latin America
111008	1	M		NSA	FORLTAGCYNET39993	Foreign Net Transactions of U.S. Long-Term Agency Bonds: Total Latin America and Caribbean
111051	0	M		NSA	FORLTAGCYNET76929	Foreign Net Transactions of U.S. Long-Term Agency Bonds: Total Regional Orgs.
113330	1	M		NSA	FORTREASNET59994	Foreign Net Transactions of U.S. Long-Term and Short-Term Treasury Securities: Total Africa
113323	0	M		NSA	FORTREASNET49999	Foreign Net Transactions of U.S. Long-Term and Short-Term Treasury Securities: Total Asia
113295	0	M		NSA	FORTREASNET34401	Foreign Net Transactions of U.S. Long-Term and Short-Term Treasury Securities: Total Caribbean
113276	0	M		NSA	FORTREASNET19992	Foreign Net Transactions of U.S. Long-Term and Short-Term Treasury Securities: Total Europe
113335	0	M		NSA	FORTREASNET72907	Foreign Net Transactions of U.S. Long-Term and Short-Term Treasury Securities: Total International Orgs.
113337	3	M		NSA	FORTREASNET79995	Foreign Net Transactions of U.S. Long-Term and Short-Term Treasury Securities: Total IROs
113303	0	M		NSA	FORTREASNET39942	Foreign Net Transactions of U.S. Long-Term and Short-Term Treasury Securities: Total Latin America
113336	1	M		NSA	FORTREASNET76929	Foreign Net Transactions of U.S. Long-Term and Short-Term Treasury Securities: Total Regional Orgs.
111446	0	M		NSA	FORLTCORPNET59994	Foreign Net Transactions of U.S. Long-Term Corporate Bonds: Total Africa
111435	1	M		NSA	FORLTCORPNET49999	Foreign Net Transactions of U.S. Long-Term Corporate Bonds: Total Asia
111394	0	M		NSA	FORLTCORPNET34401	Foreign Net Transactions of U.S. Long-Term Corporate Bonds: Total Caribbean
111372	1	M		NSA	FORLTCORPNET19992	Foreign Net Transactions of U.S. Long-Term Corporate Bonds: Total Europe
111453	0	M		NSA	FORLTCORPNET72907	Foreign Net Transactions of U.S. Long-Term Corporate Bonds: Total International Orgs.
111455	0	M		NSA	FORLTCORPNET79995	Foreign Net Transactions of U.S. Long-Term Corporate Bonds: Total IROs
111410	0	M		NSA	FORLTCORPNET39942	Foreign Net Transactions of U.S. Long-Term Corporate Bonds: Total Latin America
111411	0	M		NSA	FORLTCORPNET39993	Foreign Net Transactions of U.S. Long-Term Corporate Bonds: Total Latin America and Caribbean
111454	0	M		NSA	FORLTCORPNET76929	Foreign Net Transactions of U.S. Long-Term Corporate Bonds: Total Regional Orgs.
112768	0	M		NSA	FORLTTREASNET59994	Foreign Net Transactions of U.S. Long-Term Treasury Securities: Total Africa
112755	1	M		NSA	FORLTTREASNET49999	Foreign Net Transactions of U.S. Long-Term Treasury Securities: Total Asia
112711	0	M		NSA	FORLTTREASNET34401	Foreign Net Transactions of U.S. Long-Term Treasury Securities: Total Caribbean
112689	0	M		NSA	FORLTTREASNET19992	Foreign Net Transactions of U.S. Long-Term Treasury Securities: Total Europe
112775	0	M		NSA	FORLTTREASNET72907	Foreign Net Transactions of U.S. Long-Term Treasury Securities: Total International Orgs.
112777	0	M		NSA	FORLTTREASNET79995	Foreign Net Transactions of U.S. Long-Term Treasury Securities: Total IROs
112727	1	M		NSA	FORLTTREASNET39942	Foreign Net Transactions of U.S. Long-Term Treasury Securities: Total Latin America
112728	0	M		NSA	FORLTTREASNET39993	Foreign Net Transactions of U.S. Long-Term Treasury Securities: Total Latin America and Caribbean
112776	0	M		NSA	FORLTTREASNET76929	Foreign Net Transactions of U.S. Long-Term Treasury Securities: Total Regional Orgs.
113139	0	M		NSA	FORSTTREASNET59994	Foreign Net Transactions of U.S. Short-Term Treasury Securities: Total Africa
113132	1	M		NSA	FORSTTREASNET49999	Foreign Net Transactions of U.S. Short-Term Treasury Securities: Total Asia
113104	0	M		NSA	FORSTTREASNET34401	Foreign Net Transactions of U.S. Short-Term Treasury Securities: Total Caribbean
113085	0	M		NSA	FORSTTREASNET19992	Foreign Net Transactions of U.S. Short-Term Treasury Securities: Total Europe
113144	1	M		NSA	FORSTTREASNET72907	Foreign Net Transactions of U.S. Short-Term Treasury Securities: Total International Orgs.
113146	0	M		NSA	FORSTTREASNET79995	Foreign Net Transactions of U.S. Short-Term Treasury Securities: Total IROs
113112	1	M		NSA	FORSTTREASNET39942	Foreign Net Transactions of U.S. Short-Term Treasury Securities: Total Latin America
113145	0	M		NSA	FORSTTREASNET76929	Foreign Net Transactions of U.S. Short-Term Treasury Securities: Total Regional Orgs.
86462	1	M		NSA	DTBSPCKNFNM	Foreign Nonfinancial Commercial Paper Outstanding
86540	1	M		NSA	H1DTBSPCKINFNM	Foreign Nonfinancial Commercial Paper Outstanding (DISCONTINUED)
112425	1	M		NSA	FORLTTOTALPOS39001	Foreign Portfolio Holdings of All U.S. Long-Term Securities: Caribbean Banking Centers
112388	0	M		NSA	FORLTTOTALPOS16721	Foreign Portfolio Holdings of All U.S. Long-Term Securities: European Union
112470	0	M		NSA	FORLTTOTALPOS59994	Foreign Portfolio Holdings of All U.S. Long-Term Securities: Total Africa
112456	0	M		NSA	FORLTTOTALPOS49999	Foreign Portfolio Holdings of All U.S. Long-Term Securities: Total Asia
112412	0	M		NSA	FORLTTOTALPOS34401	Foreign Portfolio Holdings of All U.S. Long-Term Securities: Total Caribbean
112390	0	M		NSA	FORLTTOTALPOS19992	Foreign Portfolio Holdings of All U.S. Long-Term Securities: Total Europe
112477	4	M		NSA	FORLTTOTALPOS72907	Foreign Portfolio Holdings of All U.S. Long-Term Securities: Total International Orgs.
112479	0	M		NSA	FORLTTOTALPOS79995	Foreign Portfolio Holdings of All U.S. Long-Term Securities: Total IROs
112428	0	M		NSA	FORLTTOTALPOS39942	Foreign Portfolio Holdings of All U.S. Long-Term Securities: Total Latin America
112429	0	M		NSA	FORLTTOTALPOS39993	Foreign Portfolio Holdings of All U.S. Long-Term Securities: Total Latin America and Caribbean
112478	1	M		NSA	FORLTTOTALPOS76929	Foreign Portfolio Holdings of All U.S. Long-Term Securities: Total Regional Orgs.
112028	1	M		NSA	FORLTEQTYPOS59994	Foreign Portfolio Holdings of U.S. Equity Securities: Total Africa
112017	1	M		NSA	FORLTEQTYPOS49999	Foreign Portfolio Holdings of U.S. Equity Securities: Total Asia
111976	0	M		NSA	FORLTEQTYPOS34401	Foreign Portfolio Holdings of U.S. Equity Securities: Total Caribbean
111954	1	M		NSA	FORLTEQTYPOS19992	Foreign Portfolio Holdings of U.S. Equity Securities: Total Europe
112035	0	M		NSA	FORLTEQTYPOS72907	Foreign Portfolio Holdings of U.S. Equity Securities: Total International Orgs.
112037	0	M		NSA	FORLTEQTYPOS79995	Foreign Portfolio Holdings of U.S. Equity Securities: Total IROs
111992	1	M		NSA	FORLTEQTYPOS39942	Foreign Portfolio Holdings of U.S. Equity Securities: Total Latin America
111993	1	M		NSA	FORLTEQTYPOS39993	Foreign Portfolio Holdings of U.S. Equity Securities: Total Latin America and Caribbean
112036	0	M		NSA	FORLTEQTYPOS76929	Foreign Portfolio Holdings of U.S. Equity Securities: Total Regional Orgs.
111177	1	M		NSA	FORLTAGCYPOS59994	Foreign Portfolio Holdings of U.S. Long-Term Agency Bonds: Total Africa
111166	1	M		NSA	FORLTAGCYPOS49999	Foreign Portfolio Holdings of U.S. Long-Term Agency Bonds: Total Asia
111125	0	M		NSA	FORLTAGCYPOS34401	Foreign Portfolio Holdings of U.S. Long-Term Agency Bonds: Total Caribbean
111103	1	M		NSA	FORLTAGCYPOS19992	Foreign Portfolio Holdings of U.S. Long-Term Agency Bonds: Total Europe
111184	0	M		NSA	FORLTAGCYPOS72907	Foreign Portfolio Holdings of U.S. Long-Term Agency Bonds: Total International Orgs.
111186	0	M		NSA	FORLTAGCYPOS79995	Foreign Portfolio Holdings of U.S. Long-Term Agency Bonds: Total IROs
111141	1	M		NSA	FORLTAGCYPOS39942	Foreign Portfolio Holdings of U.S. Long-Term Agency Bonds: Total Latin America
111142	1	M		NSA	FORLTAGCYPOS39993	Foreign Portfolio Holdings of U.S. Long-Term Agency Bonds: Total Latin America and Caribbean
111185	0	M		NSA	FORLTAGCYPOS76929	Foreign Portfolio Holdings of U.S. Long-Term Agency Bonds: Total Regional Orgs.
113425	0	M		NSA	FORTREASPOS59994	Foreign Portfolio Holdings of U.S. Long-Term and Short-Term Treasury Securities: Total Africa
113418	1	M		NSA	FORTREASPOS49999	Foreign Portfolio Holdings of U.S. Long-Term and Short-Term Treasury Securities: Total Asia
113390	0	M		NSA	FORTREASPOS34401	Foreign Portfolio Holdings of U.S. Long-Term and Short-Term Treasury Securities: Total Caribbean
113371	0	M		NSA	FORTREASPOS19992	Foreign Portfolio Holdings of U.S. Long-Term and Short-Term Treasury Securities: Total Europe
113430	0	M		NSA	FORTREASPOS72907	Foreign Portfolio Holdings of U.S. Long-Term and Short-Term Treasury Securities: Total International Orgs.
113432	0	M		NSA	FORTREASPOS79995	Foreign Portfolio Holdings of U.S. Long-Term and Short-Term Treasury Securities: Total IROs
113398	0	M		NSA	FORTREASPOS39942	Foreign Portfolio Holdings of U.S. Long-Term and Short-Term Treasury Securities: Total Latin America
113431	1	M		NSA	FORTREASPOS76929	Foreign Portfolio Holdings of U.S. Long-Term and Short-Term Treasury Securities: Total Regional Orgs.
111592	0	M		NSA	FORLTCORPPOS59994	Foreign Portfolio Holdings of U.S. Long-Term Corporate Bonds: Total Africa
111581	1	M		NSA	FORLTCORPPOS49999	Foreign Portfolio Holdings of U.S. Long-Term Corporate Bonds: Total Asia
111540	1	M		NSA	FORLTCORPPOS34401	Foreign Portfolio Holdings of U.S. Long-Term Corporate Bonds: Total Caribbean
111518	0	M		NSA	FORLTCORPPOS19992	Foreign Portfolio Holdings of U.S. Long-Term Corporate Bonds: Total Europe
111599	0	M		NSA	FORLTCORPPOS72907	Foreign Portfolio Holdings of U.S. Long-Term Corporate Bonds: Total International Orgs.
111601	0	M		NSA	FORLTCORPPOS79995	Foreign Portfolio Holdings of U.S. Long-Term Corporate Bonds: Total IROs
111556	1	M		NSA	FORLTCORPPOS39942	Foreign Portfolio Holdings of U.S. Long-Term Corporate Bonds: Total Latin America
111557	1	M		NSA	FORLTCORPPOS39993	Foreign Portfolio Holdings of U.S. Long-Term Corporate Bonds: Total Latin America and Caribbean
111600	0	M		NSA	FORLTCORPPOS76929	Foreign Portfolio Holdings of U.S. Long-Term Corporate Bonds: Total Regional Orgs.
112904	1	M		NSA	FORLTTREASPOS59994	Foreign Portfolio Holdings of U.S. Long-Term Treasury Securities: Total Africa
112891	2	M		NSA	FORLTTREASPOS49999	Foreign Portfolio Holdings of U.S. Long-Term Treasury Securities: Total Asia
112847	2	M		NSA	FORLTTREASPOS34401	Foreign Portfolio Holdings of U.S. Long-Term Treasury Securities: Total Caribbean
112825	2	M		NSA	FORLTTREASPOS19992	Foreign Portfolio Holdings of U.S. Long-Term Treasury Securities: Total Europe
112911	3	M		NSA	FORLTTREASPOS72907	Foreign Portfolio Holdings of U.S. Long-Term Treasury Securities: Total International Orgs.
112913	1	M		NSA	FORLTTREASPOS79995	Foreign Portfolio Holdings of U.S. Long-Term Treasury Securities: Total IROs
112863	0	M		NSA	FORLTTREASPOS39942	Foreign Portfolio Holdings of U.S. Long-Term Treasury Securities: Total Latin America
112864	2	M		NSA	FORLTTREASPOS39993	Foreign Portfolio Holdings of U.S. Long-Term Treasury Securities: Total Latin America and Caribbean
112912	2	M		NSA	FORLTTREASPOS76929	Foreign Portfolio Holdings of U.S. Long-Term Treasury Securities: Total Regional Orgs.
113235	0	M		NSA	FORSTTREASPOS59994	Foreign Portfolio Holdings of U.S. Short-Term Treasury Securities: Total Africa
113228	1	M		NSA	FORSTTREASPOS49999	Foreign Portfolio Holdings of U.S. Short-Term Treasury Securities: Total Asia
113200	0	M		NSA	FORSTTREASPOS34401	Foreign Portfolio Holdings of U.S. Short-Term Treasury Securities: Total Caribbean
113181	0	M		NSA	FORSTTREASPOS19992	Foreign Portfolio Holdings of U.S. Short-Term Treasury Securities: Total Europe
113240	1	M		NSA	FORSTTREASPOS72907	Foreign Portfolio Holdings of U.S. Short-Term Treasury Securities: Total International Orgs.
113242	1	M		NSA	FORSTTREASPOS79995	Foreign Portfolio Holdings of U.S. Short-Term Treasury Securities: Total IROs
113208	1	M		NSA	FORSTTREASPOS39942	Foreign Portfolio Holdings of U.S. Short-Term Treasury Securities: Total Latin America
113241	0	M		NSA	FORSTTREASPOS76929	Foreign Portfolio Holdings of U.S. Short-Term Treasury Securities: Total Regional Orgs.
143224	12	A		NSA	A4201C0A173NBEA	Full-time and part-time employees
142950	3	A		NSA	A4301C0A173NBEA	Full-time equivalent employees
138011	1	A		NSA	MPU5400012	Furniture and Related Products: Total Factor Productivity
79614	1	A		NSA	TTGFTLAEEF4484	General Freight Trucking, Local for Truck Transportation, All Establishments, Employer Firms
79615	1	A		NSA	TTGFTLDAEEF4484	General Freight Trucking, Long Distance for Truck Transportation, All Establishments, Employer Firms
81758	49	M		NSA	PALLFNFINDEXM	Global Price Index of All Commodities
81881	38	M		NSA	PRAWMINDEXM	Global price of Agr. Raw Material Index
81761	67	M		NSA	PALUMUSDM	Global price of Aluminum
81854	14	M		NSA	POILAPSPUSDM	Global price of APSP crude oil
81851	10	M		NSA	POILAPSPINDEXM	Global price of APSP crude oil index
81764	44	M		NSA	PBANSOPUSDM	Global price of Bananas
81767	42	M		NSA	PBARLUSDM	Global price of Barley
81770	32	M		NSA	PBEEFUSDM	Global price of Beef
81773	4	M		NSA	PBEVEINDEXM	Global price of Beverages index
81857	73	M		NSA	POILBREUSDM	Global price of Brent Crude
81779	69	M		NSA	PCOCOUSDM	Global price of Cocoa
81788	70	M		NSA	PCOPPUSDM	Global price of Copper
81827	56	M		NSA	PMAIZMTUSDM	Global price of Corn
81791	49	M		NSA	PCOTTINDUSDM	Global price of Cotton
81860	52	M		NSA	POILDUBUSDM	Global price of Dubai Crude
81848	59	M		NSA	PNRGINDEXM	Global price of Energy index
81893	29	M		NSA	PSALMUSDM	Global price of Fish
81797	56	M		NSA	PFISHUSDM	Global price of Fish Meal
81794	5	M		NSA	PFANDBINDEXM	Global price of Food and beverage index
81800	48	M		NSA	PFOODINDEXM	Global price of Food index
81803	25	M		NSA	PGNUTSUSDM	Global price of Groundnuts
81806	35	M		NSA	PHIDEUSDM	Global price of Hides
81809	37	M		NSA	PINDUINDEXM	Global price of Industrial Materials index
81812	60	M		NSA	PIORECRUSDM	Global price of Iron Ore
81815	29	M		NSA	PLAMBUSDM	Global price of Lamb
81818	39	M		NSA	PLEADUSDM	Global price of Lead
81830	47	M		NSA	PMETAINDEXM	Global price of Metal index
81845	56	M		NSA	PNICKUSDM	Global price of Nickel
81833	7	M		NSA	PNFUELINDEXM	Global price of Non-Fuel index
81866	59	M		NSA	POLVOILUSDM	Global price of Olive Oil
81869	27	M		NSA	PORANGUSDM	Global price of Orange
81872	57	M		NSA	PPOILUSDM	Global price of Palm Oil
81878	30	M		NSA	PPOULTUSDM	Global price of Poultry
81887	40	M		NSA	PROILUSDM	Global price of Rapeseed Oil
81890	53	M		NSA	PRUBBUSDM	Global price of Rubber
81902	50	M		NSA	PSHRIUSDM	Global price of Shrimp
81821	7	M		NSA	PLOGOREUSDM	Global price of Soft Logs
81905	44	M		NSA	PSMEAUSDM	Global price of Soybean Meal
81911	48	M		NSA	PSOYBUSDM	Global price of Soybeans
81908	49	M		NSA	PSOILUSDM	Global price of Soybeans Oil
81923	46	M		NSA	PSUNOUSDM	Global price of Sunflower Oil
81875	34	M		NSA	PPORKUSDM	Global price of Swine
81929	31	M		NSA	PTINUSDM	Global price of Tin
81932	55	M		NSA	PURANUSDM	Global price of Uranium
81935	59	M		NSA	PWHEAMTUSDM	Global price of Wheat
81863	56	M		NSA	POILWTIUSDM	Global price of WTI Crude
81944	47	M		NSA	PZINCUSDM	Global price of Zinc
141301	2	A		NSA	A955RC1A027NBEA	Government consumption expenditures
141966	8	A		NSA	W022RC1A027NBEA	Government current expenditures
142078	1	A		NSA	W060RC1A027NBEA	Government current transfer receipts
75809	1	A		NSA	GCPGCAEEF4511191	Greeting Cards for Greeting Card Publishers, All Establishments, Employer Firms
139177	18	A		NSA	W170RC1A027NBEA	Gross domestic investment
13748	38	A		NSA	FYGDP	Gross Domestic Product
13749	46	A		NSA	FYGFD	Gross Federal Debt
13761	62	A		NSA	GFDGDPA188S	Gross Federal Debt as Percent of Gross Domestic Product
13750	10	A		NSA	FYGFDPUB	Gross Federal Debt Held by the Public
13757	37	A		NSA	FYPUGDA188S	Gross Federal Debt Held by the Public as Percent of Gross Domestic Product
142239	17	A		NSA	A782RC1A027NBEA	Gross government investment
143583	1	A		NSA	A2009C1A027NBEA	Gross housing value added
79691	1	A		NSA	WTHTSAEEF4483	Harbor Tugboat Services for Water Transportation, All Establishments, Employer Firms
72163	10	A		NSA	DHAMICHAMIP4524114	Health and Medical Insurance Products - Net Premiums Earned for Direct Health and Medical Insurance Carriers, All Establishments, Employer Firms
81749	53	M		NSA	MHHNGSP	Henry Hub Natural Gas Spot Price
3950	1	A		NSA	HC01ESTVC1611001	High School Graduate or Higher (5-year estimate) in the District of Columbia
68151	32	A		NSA	USHVAC	Home Vacancy Rate for the United States
66846	32	Q		NSA	RHVRUSQ156N	Homeowner Vacancy Rate in the United States
68150	26	A		NSA	USHOWN	Homeownership Rate for the United States
66845	70	Q		NSA	RHORUSQ156N	Homeownership Rate in the United States
107585	1	A		NSA	IPUZNU120110000	Hourly Compensation for Private Nonfarm in the District of Columbia
108270	1	A		NSA	TOTLA	Hours of Wage and Salary Workers on Nonfarm Payrolls: Total (DISCONTINUED)
143317	33	A		NSA	B4701C0A222NBEA	Hours worked by full-time and part-time employees
106419	2	A		NSA	IPUWN901L200000000	Hours Worked for Government (Excluding Postal Service) (NAICS 901) in the United States
104547	1	A		NSA	IPUON55L010000000	Hours Worked for Management of Companies and Enterprises (NAICS 55) in the United States
104541	1	A		NSA	IPUON551L010000000	Hours Worked for Management of Companies and Enterprises (NAICS 551) in the United States
104535	1	A		NSA	IPUON5511L010000000	Hours Worked for Management of Companies and Enterprises (NAICS 5511) in the United States
104529	1	A		NSA	IPUON55111L010000000	Hours Worked for Management of Companies and Enterprises (NAICS 55111) in the United States
106650	1	A		NSA	IPUZNL010110000	Hours Worked for Private Nonfarm in the District of Columbia
143641	1	A		NSA	W390RC1A027NBEA	Household consumption expenditures (DISCONTINUED)
143638	1	A		NSA	W385RC1A027NBEA	Household current transfer receipts
143637	3	A		NSA	W384RC1A027NBEA	Household dividend income
11563	47	M		NSA	TTLHHM156N	Household Estimates
79616	1	A		NSA	TTHGMAEEF4484	Household Goods Moving for Truck Transportation, All Establishments, Employer Firms
143633	1	A		NSA	W380RC1A027NBEA	Household income
143635	1	A		NSA	W382RC1A027NBEA	Household income receipts on assets
143636	5	A		NSA	W383RC1A027NBEA	Household interest income
143640	1	A		NSA	W389RC1A027NBEA	Household outlays
143648	40	A		NSA	W398RC1A027NBEA	Household saving
143644	1	A		NSA	W394RC1A027NBEA	Household transfer payments
108571	26	Q		NSA	TABSHNO	Households and Nonprofit Organizations; Total Assets, Level
109334	1	Q		NSA	HNOTASQ027S	Households and nonprofit organizations; total assets, Level (DISCONTINUED)
108529	13	Q		NSA	DABSHNO	Households and Nonprofit Organizations; Total Currency and Deposits Including Money Market Fund Shares; Asset, Level
109158	2	Q		NSA	HNOCDAQ027S	Households and Nonprofit Organizations; Total Currency and Deposits; Asset, Level
108573	31	Q		NSA	TFAABSHNO	Households and Nonprofit Organizations; Total Financial Assets, Level
109336	1	Q		NSA	HNOTFAQ027S	Households and nonprofit organizations; total financial assets, Level (DISCONTINUED)
109346	3	Q		NSA	HNOTLNQ027S	Households and Nonprofit Organizations; Total Liabilities and Net Worth (IMA), Level
108574	21	Q		NSA	TLBSHNO	Households and Nonprofit Organizations; Total Liabilities, Level
109358	1	Q		NSA	HNOTOLQ027S	Households and nonprofit organizations; total liabilities, Level (DISCONTINUED)
109347	1	A		NSA	HNOTLSA027N	Households and nonprofit organizations; total loans; asset, Flow (DISCONTINUED)
109340	1	Q		NSA	HNOTLAQ027S	Households and nonprofit organizations; total loans; asset, Level (DISCONTINUED)
109343	1	A		NSA	HNOTLLA027N	Households and nonprofit organizations; total loans; liability, Flow (DISCONTINUED)
109254	1	Q		NSA	HNOLONQ027S	Households and nonprofit organizations; total loans; liability, Level (DISCONTINUED)
108548	3	Q		NSA	MABSHNO	Households and Nonprofit Organizations; Total Mortgages; Asset, Level
109350	1	Q		NSA	HNOTMAQ027S	Households and nonprofit organizations; total mortgages; asset, Level (DISCONTINUED)
109354	8	Q		NSA	HNOTMLQ027S	Households and Nonprofit Organizations; Total Mortgages; Liability, Level
108578	19	Q		NSA	TSDABSHNO	Households and Nonprofit Organizations; Total Time and Savings Deposits; Asset, Level
109366	1	Q		NSA	HNOTSDQ027S	Households and nonprofit organizations; total time and savings deposits; asset, Level (DISCONTINUED)
20479	33	M		NSA	COMPHAI	Housing Affordability Index (Composite) (DISCONTINUED)
21798	68	M		NSA	FIXHAI	Housing Affordability Index (Fixed)
21790	62	Q		NSA	ETOTALUSQ176N	Housing Inventory Estimate: Total Housing Units in the United States
143579	1	A		NSA	A2007C1A027NBEA	Housing output
134351	32	D		NSA	BAMLCC1A013YTRIV	ICE BofA 1-3 Year US Corporate Index Total Return Index Value
134355	7	D		NSA	BAMLCC7A01015YTRIV	ICE BofA 10-15 Year US Corporate Index Total Return Index Value
134356	8	D		NSA	BAMLCC8A015PYTRIV	ICE BofA 15+ Year US Corporate Index Total Return Index Value
134352	21	D		NSA	BAMLCC2A035YTRIV	ICE BofA 3-5 Year US Corporate Index Total Return Index Value
134353	14	D		NSA	BAMLCC3A057YTRIV	ICE BofA 5-7 Year US Corporate Index Total Return Index Value
134354	31	D		NSA	BAMLCC4A0710YTRIV	ICE BofA 7-10 Year US Corporate Index Total Return Index Value
134348	21	D		NSA	BAMLCC0A2AATRIV	ICE BofA AA US Corporate Index Total Return Index Value
134357	2	D		NSA	BAMLEM1BRRAAA2ACRPITRIV	ICE BofA AAA-A Emerging Markets Corporate Plus Index Total Return Index Value
134358	1	D		NSA	BAMLEM1RAAA2ALCRPIUSTRIV	ICE BofA AAA-A US Emerging Markets Liquid Corporate Plus Index Total Return Index Value
134347	19	D		NSA	BAMLCC0A1AAATRIV	ICE BofA AAA US Corporate Index Total Return Index Value
134384	8	D		NSA	BAMLEMRACRPIASIATRIV	ICE BofA Asia Emerging Markets Corporate Plus Index Total Return Index Value
134366	3	D		NSA	BAMLEMALLCRPIASIAUSTRIV	ICE BofA Asia US Emerging Markets Liquid Corporate Plus Index Total Return Index Value
134363	1	D		NSA	BAMLEM4BRRBLCRPITRIV	ICE BofA B & Lower Emerging Markets Corporate Plus Index Total Return Index Value
134364	1	D		NSA	BAMLEM4RBLLCRPIUSTRIV	ICE BofA B & Lower US Emerging Markets Liquid Corporate Plus Index Total Return Index Value
134361	2	D		NSA	BAMLEM3BRRBBCRPITRIV	ICE BofA BB Emerging Markets Corporate Plus Index Total Return Index Value
134362	1	D		NSA	BAMLEM3RBBLCRPIUSTRIV	ICE BofA BB US Emerging Markets Liquid Corporate Plus Index Total Return Index Value
134391	27	D		NSA	BAMLHYH0A1BBTRIV	ICE BofA BB US High Yield Index Total Return Index Value
134359	2	D		NSA	BAMLEM2BRRBBBCRPITRIV	ICE BofA BBB Emerging Markets Corporate Plus Index Total Return Index Value
134350	24	D		NSA	BAMLCC0A4BBBTRIV	ICE BofA BBB US Corporate Index Total Return Index Value
134360	1	D		NSA	BAMLEM2RBBBLCRPIUSTRIV	ICE BofA BBB US Emerging Markets Liquid Corporate Plus Index Total Return Index Value
134393	42	D		NSA	BAMLHYH0A3CMTRIV	ICE BofA CCC & Lower US High Yield Index Total Return Index Value
134365	1	D		NSA	BAMLEM5BCOCRPITRIV	ICE BofA Crossover Emerging Markets Corporate Plus Index Total Return Index Value
134388	1	D		NSA	BAMLEMXOCOLCRPIUSTRIV	ICE BofA Crossover US Emerging Markets Liquid Corporate Plus Index Total Return Index Value
134385	2	D		NSA	BAMLEMRECRPIEMEATRIV	ICE BofA EMEA Emerging Markets Corporate Plus Index Total Return Index Value
134370	2	D		NSA	BAMLEMELLCRPIEMEAUSTRIV	ICE BofA EMEA US Emerging Markets Liquid Corporate Plus Index Total Return Index Value
134367	38	D		NSA	BAMLEMCBPITRIV	ICE BofA Emerging Markets Corporate Plus Index Total Return Index Value
134369	9	D		NSA	BAMLEMEBCRPIETRIV	ICE BofA Euro Emerging Markets Corporate Plus Index Total Return Index Value
134389	46	D		NSA	BAMLHE00EHYITRIV	ICE BofA Euro High Yield Index Total Return Index Value
134371	1	D		NSA	BAMLEMFLFLCRPIUSTRIV	ICE BofA Financial US Emerging Markets Liquid Corporate Plus Index Total Return Index Value
134376	3	D		NSA	BAMLEMIBHGCRPITRIV	ICE BofA High Grade Emerging Markets Corporate Plus Index Total Return Index Value
134374	2	D		NSA	BAMLEMHGHGLCRPIUSTRIV	ICE BofA High Grade US Emerging Markets Liquid Corporate Plus Index Total Return Index Value
134373	11	D		NSA	BAMLEMHBHYCRPITRIV	ICE BofA High Yield Emerging Markets Corporate Plus Index Total Return Index Value
134375	2	D		NSA	BAMLEMHYHYLCRPIUSTRIV	ICE BofA High Yield US Emerging Markets Liquid Corporate Plus Index Total Return Index Value
134386	8	D		NSA	BAMLEMRLCRPILATRIV	ICE BofA Latin America Emerging Markets Corporate Plus Index Total Return Index Value
134377	1	D		NSA	BAMLEMLLLCRPILAUSTRIV	ICE BofA Latin America US Emerging Markets Liquid Corporate Plus Index Total Return Index Value
134379	3	D		NSA	BAMLEMNSNFCRPITRIV	ICE BofA Non-Financial Emerging Markets Corporate Plus Index Total Return Index Value
134378	2	D		NSA	BAMLEMNFNFLCRPIUSTRIV	ICE BofA Non-Financial US Emerging Markets Liquid Corporate Plus Index Total Return Index Value
134372	2	D		NSA	BAMLEMFSFCRPITRIV	ICE BofA Private Sector Financial Emerging Markets Corporate Plus Index Total Return Index Value
134381	1	D		NSA	BAMLEMPTPRVICRPITRIV	ICE BofA Private Sector Issuers Emerging Markets Corporate Plus Index Total Return Index Value
134383	1	D		NSA	BAMLEMPVPRIVSLCRPIUSTRIV	ICE BofA Private Sector Issuers US Emerging Markets Liquid Corporate Plus Index Total Return Index Value
134380	3	D		NSA	BAMLEMPBPUBSICRPITRIV	ICE BofA Public Sector Issuers Emerging Markets Corporate Plus Index Total Return Index Value
134382	1	D		NSA	BAMLEMPUPUBSLCRPIUSTRIV	ICE BofA Public Sector Issuers US Emerging Markets Liquid Corporate Plus Index Total Return Index Value
134349	13	D		NSA	BAMLCC0A3ATRIV	ICE BofA Single-A US Corporate Index Total Return Index Value
134392	24	D		NSA	BAMLHYH0A2BTRIV	ICE BofA Single-B US High Yield Index Total Return Index Value
134346	58	D		NSA	BAMLCC0A0CMTRIV	ICE BofA US Corporate Index Total Return Index Value
134387	2	D		NSA	BAMLEMUBCRPIUSTRIV	ICE BofA US Emerging Markets Corporate Plus Index Total Return Index Value
134368	8	D		NSA	BAMLEMCLLCRPIUSTRIV	ICE BofA US Emerging Markets Liquid Corporate Plus Index Total Return Index Value
134390	65	D		NSA	BAMLHYH0A0HYM2TRIV	ICE BofA US High Yield Index Total Return Index Value
155120	58	M		NSA	IR	Import Price Index (End Use): All Commodities
155272	3	M		NSA	IREXFUELCO	Import Price Index (End Use): All Commodities, Excluding Computers, Peripherals, Semiconductors and Fuels
155275	3	M		NSA	IREXPETCOM	Import Price Index (End Use): All Commodities, Excluding Computers, Peripherals, Semiconductors, and Petroleum
155271	16	M		NSA	IREXFDFLS	Import Price Index (End Use): All Imports Excluding Food and Fuels
155273	24	M		NSA	IREXFUELS	Import Price Index (End Use): All Imports Excluding Fuels
155274	23	M		NSA	IREXPET	Import Price Index (End Use): All Imports Excluding Petroleum
155607	1	M		NSA	ASNRETOT	Import Price Index by Origin (NAICS): All Industries for Asia Near East
155632	2	M		NSA	OASTOT	Import Price Index by Origin (NAICS): All Industries for Asian Newly Industrialized Countries
155606	6	M		NSA	ASEANTOT	Import Price Index by Origin (NAICS): All Industries for Association of Southeast Asian Nations
155611	37	M		NSA	CHNTOT	Import Price Index by Origin (NAICS): All Industries for China
155619	10	M		NSA	EECTOT	Import Price Index by Origin (NAICS): All Industries for European Union
155624	7	M		NSA	INDUSTOT	Import Price Index by Origin (NAICS): All Industries for Industrialized Countries
155628	5	M		NSA	LATTOT	Import Price Index by Origin (NAICS): All Industries for Latin America
155636	3	M		NSA	PRIMTOT	Import Price Index by Origin (NAICS): All Industries for Pacific Rim
139959	3	Q		NSA	NA000343Q	Imports of Goods
140724	4	Q		NSA	NA000342Q	Imports of Goods and Services
140467	1	A		NSA	A187RC1A027NBEA	Imports of nonpetroleum goods
140725	2	Q		NSA	NA000344Q	Imports of Services
140755	1	A		NSA	Y805RC1A027NBEA	Imports of services: Travel (for all purposes including education)
143589	10	A		NSA	A2013C1A027NBEA	Imputed rental of owner-occupied housing
124353	2	A		NSA	CXUINCAFTTXLB0101M	Income After Taxes: Income After Taxes: All Consumer Units
124479	3	A		NSA	CXUINCBEFTXLB0101M	Income Before Taxes: Income Before Taxes: All Consumer Units
10147	32	A		NSA	GINIALLRH	Income Gini Ratio for Households by Race of Householder, All Races
10146	28	A		NSA	GINIALLRF	Income Gini Ratio of Families by Race of Householder, All Races
134295	51	M		NSA	EXINUS	Indian Rupees to U.S. Dollar Spot Exchange Rate
13626	2	A		NSA	RTALFRM	Individual Income Tax Filing: All Returns
13723	1	A		NSA	TXOPTTL	Individual Income Tax Filing: Tax Overpayments, Total
13731	2	A		NSA	TXPMTTL	Individual Income Tax Filing: Tax Payments, Total
11761	1	A		NSA	DDMT	Individual Income Tax Filing: Total Deductions
13656	12	A		NSA	TLINCTX	Individual Income Tax Filing: Total Income Tax
11694	1	A		NSA	AMTXCT	Individual Income Tax Filing: Total Income Tax: Alternative Minimum Tax
13658	1	A		NSA	TLSTRYADJ	Individual Income Tax Filing: Total Statutory Adjustments
14691	2	A		NSA	EMISSCO2TOTVICTOUSA	Industrial Carbon Dioxide Emissions, All Fuels for United States
68566	3	M		NSA	IPB50089N	Industrial Production: Energy, Total
68671	1	M		NSA	IPB52000N	Industrial Production: Equipment: Equipment, Total
68526	1	A		NSA	GVIPT52000A	Industrial Production: Gross Value of Products: Equipment, Total
70221	1	M		NSA	IPX5001EN	Industrial Production: Non-Energy, Total
70231	2	M		NSA	IPX50HTKN	Industrial Production: Total Excluding Computers, Communications Equipment, and Semiconductors
70216	1	M		NSA	IPX50001N	Industrial Production: Total Excluding Motor Vehicles and Parts
70271	5	M		NSA	IPX5VHT2N	Industrial Production: Total Excluding Selected High-Tech. and Motor Vehicles & Parts
68555	38	M		NSA	IPB50001N	Industrial Production: Total Index
3321	18	M		NSA	STLPPMLOW	Inflation Between 0 and 1.5 Percent
3322	13	M		NSA	STLPPMMID	Inflation Between 1.5 and 2.5 Percent
3323	38	M		NSA	TENEXPCHAINFRISPRE	Inflation Risk Premium
79148	1	A		NSA	SPITRTSAEE45112	Information Technology (It) Related Training Services for Software Publishers, All Establishments, Employer Firms
79149	3	A		NSA	SPITTCSAEE45112	Information Technology (It) Technical Consulting Services for Software Publishers, All Establishments, Employer Firms
11622	55	W		NSA	ICNSA	Initial Claims
11630	6	W		NSA	PRIICLAIMS	Initial Claims in Puerto Rico
11638	2	W		NSA	VIRICLAIMS	Initial Claims in the U.S. Virgin Islands
11624	11	W		NSA	IURNSA	Insured Unemployment Rate
11631	2	W		NSA	PRIINSUREDUR	Insured Unemployment Rate in Puerto Rico
11639	3	W		NSA	VIRINSUREDUR	Insured Unemployment Rate in the U.S. Virgin Islands
134532	1	M		NSA	IBLACBM027NBOG	Interbank Loans, All Commercial Banks (DISCONTINUED)
134733	3	Q		NSA	USIBB	Interest-Bearing Balances for Commercial Banks in United States (DISCONTINUED)
82631	46	D		NSA	IOER	Interest Rate on Excess Reserves (IOER Rate) (DISCONTINUED)
82633	21	D		NSA	IORR	Interest Rate on Required Reserves (IORR Rate) (DISCONTINUED)
82632	80	D		NSA	IORB	Interest Rate on Reserve Balances (IORB Rate)
82629	2	W		NSA	INTRESEXCW	Interest Rate Paid on Balances Maintained That Exceed the Top of the Penalty-Free Band (DISCONTINUED)
82630	2	W		NSA	INTRESREQW	Interest Rate Paid on Balances Maintained to Satisfy Reserve Balance Requirements (DISCONTINUED)
82625	2	W		NSA	INTEXC1	Interest Rate Paid on Excess Reserve Balances (Institutions with 1-Week Maintenance Period) (DISCONTINUED)
82626	4	BW		NSA	INTEXC2	Interest Rate Paid on Excess Reserve Balances (Institutions with 2-Week Maintenance Period) (DISCONTINUED)
82627	2	W		NSA	INTREQ1	Interest Rate Paid on Required Reserve Balances (Institutions with 1-Week Maintenance Period) (DISCONTINUED)
82628	3	BW		NSA	INTREQ2	Interest Rate Paid on Required Reserve Balances (Institutions with 2-Week Maintenance Period) (DISCONTINUED)
82548	1	M		NSA	RIFSPPCUNM	Interest Rate That Issuers Not Subject to the Unsecured Credit Surcharge Pay to Issue 3-Month Unsecured Paper to the Commercial Paper Funding Facility (CPFF) (DISCONTINUED)
82552	1	M		NSA	RIFSPPCUSNM	Interest Rate That Issuers Subject to the Unsecured Credit Surcharge Pay to Issue 3-Month Unsecured Paper to the Commercial Paper Funding Facility (CPFF) (DISCONTINUED)
71877	1	A		NSA	ATINPTBAAEE4481	International, Non-Scheduled Passenger Transportation by Air for Air Transportation, All Establishments, Employer Firms
72155	0	A		NSA	DAMLPIFGAE751114	Inventories - Finished Goods for Directory and Mailing List Publishers, All Establishments, Employer Firms
145642	1	A		NSA	A1830C0A144NBEA	Inventory valuation adjustment to nonfarm incomes
72059	1	A		NSA	CCRCAALFFTE4126233	Investment and Property Income for Continuing Care Retirement Communities and Assisted Living Facilities for The Elderly, All Establishments, Employer Firms
75730	1	A		NSA	FPCIAPIAEEF462141	Investment and Property Income for Family Planning Centers, All Establishments, Employer Firms
76268	1	A		NSA	NARCFIAPIAE4623	Investment and Property Income for Nursing and Residential Care Facilities, All Establishments, Employer Firms
76372	0	A		NSA	OCCIAPIAEEF46214	Investment and Property Income for Outpatient Care Centers, All Establishments, Employer Firms
140942	3	A		NSA	I3GTOTL1ES000	Investment in Government Fixed Assets
108698	2	Q		NSA	ABSITCMDODFS	Issuers of Asset-Backed Securities; Total Liability, Level (DISCONTINUED)
134300	61	M		NSA	EXJPUS	Japanese Yen to U.S. Dollar Spot Exchange Rate
14720	4	A		NSA	EMISSCO2VJFACBA	Jet Fuel Transportation Sector Carbon Dioxide Emissions
88346	26	M		NSA	JTUJOL	Job Openings: Total Nonfarm
88296	5	M		NSA	JTU1000JOL	Job Openings: Total Private
11406	25	D		NSA	IHLIDXNSAUS	Job Postings on Indeed in the United States
14721	1	A		NSA	EMISSCO2VKSCCBA	Kerosene Commercial Sector Carbon Dioxide Emissions
14722	1	A		NSA	EMISSCO2VKSICBA	Kerosene Industrial Sector Carbon Dioxide Emissions
14723	1	A		NSA	EMISSCO2VKSRCBA	Kerosene Residential Sector Carbon Dioxide Emissions
106705	1	A		NSA	IPUZNL020110000	Labor Compensation for Private Nonfarm in the District of Columbia
86587	24	M		NSA	LNU01300000	Labor Force Participation Rate
106540	1	A		NSA	IPUZNL000110000	Labor Productivity for Private Nonfarm in the District of Columbia
3368	46	Q		NSA	RCCCBBALTOT	Large Bank Consumer Credit Card Balances: Total Balances
3369	4	Q		NSA	RCCCBCOMTOT	Large Bank Consumer Credit Card Balances: Total Commitments
3380	25	Q		NSA	RCCCBPURCHASETOT	Large Bank Consumer Credit Card Balances: Total Purchase Volume
3451	5	Q		NSA	RCMFLBBALTOT	Large Bank Consumer Mortgage Balances: Total Balances
86267	2	Q		NSA	SUBLPDMCONQ	Large Bank Definition by Total Assets
134558	15	M		NSA	LTDACBM027NBOG	Large Time Deposits, All Commercial Banks
134397	2	M		NSA	ALLACBM027NBOG	LESS: Allowance for Credit Losses on Loans and Leases, All Commercial Banks
86429	1	M		NSA	DTBSPCKCLCNM	Letter of Credit (LOC) Backed Commercial Paper Outstanding (DISCONTINUED)
86508	1	M		NSA	H0DTBSPCKBLNM	Letter of Credit Commercial Paper Outstanding (DISCONTINUED)
76692	1	A		NSA	PPLORTCAEEF451112	Licensing of Rights To Content for Periodical Publishers, All Establishments, Employer Firms
76109	1	A		NSA	IRPADLRLOR4151222	Licensing Revenue - Licensing of Rights To Use Musical Compositions for Integrated Record Production and Distribution, All Establishments, Employer Firms
76110	1	A		NSA	IRPADLRLOR4251222	Licensing Revenue - Licensing of Rights To Use Musical Recordings for Integrated Record Production and Distribution, All Establishments, Employer Firms
72199	1	A		NSA	DLICLIUSNP4524113	Life Insurance Underwriting Services - Net Premiums Earned for Direct Life Insurance Carriers, All Establishments, Employer Firms
134134	38	M		NSA	LTOTALNSA	Light Weight Vehicle Sales
14857	4	M		NSA	DTCTLVNLNM	Loan-to-Value Ratio of New Car Loans at Auto Finance Companies (DISCONTINUED)
14860	8	M		NSA	DTCTLVULNM	Loan-to-Value Ratio of Used Car Loans at Auto Finance Companies (DISCONTINUED)
135661	6	Q		NSA	QBPLNTLN3089DUR	Loan Performance: Total Loans and Leases: 30-89 Day Past Due Rate
135660	4	Q		NSA	QBPLNTLN3089DU	Loan Performance: Total Loans and Leases: 30-89 Days Past Due
135662	9	Q		NSA	QBPLNTLN90DU	Loan Performance: Total Loans and Leases: 90 Days or More Past Due
135663	3	Q		NSA	QBPLNTLNAVGOUT	Loan Performance: Total Loans and Leases: Average Outstanding
135664	9	Q		NSA	QBPLNTLNNACSTAT	Loan Performance: Total Loans and Leases: In Nonaccrual Status
135667	21	Q		NSA	QBPLNTLNNTCGOFFR	Loan Performance: Total Loans and Leases: Net Charge-Off Rate
135666	3	Q		NSA	QBPLNTLNNTCGOFF	Loan Performance: Total Loans and Leases: Net Charge-Offs
135665	29	Q		NSA	QBPLNTLNNCUR	Loan Performance: Total Loans and Leases: Noncurrent Rate
135668	4	Q		NSA	QBPLNTLNTCGOFF	Loan Performance: Total Loans and Leases: Total Charge-Offs
135669	18	Q		NSA	QBPLNTLNTOUT	Loan Performance: Total Loans and Leases: Total Outstanding
135670	3	Q		NSA	QBPLNTLNTREC	Loan Performance: Total Loans and Leases: Total Recoveries
134556	15	M		NSA	LOANSNSA	Loans and Leases in Bank Credit, All Commercial Banks
134567	1	M		NSA	NNPACBM027NBOG	Loans Secured by Nonfarm Nonresidential Properties, All Commercial Banks (DISCONTINUED)
134402	4	Q		NSA	ALSREACB	Loans Secured by Real Estate, All Commercial Banks
134539	1	M		NSA	LCBACBM027NBOG	Loans to Commercial Banks, All Commercial Banks
134396	8	Q		NSA	ALFAPGACB	Loans to Finance Agricultural Production, All Commercial Banks
134545	1	M		NSA	LLMACBM027NBOG	Loans with Original Amounts of $1,000,000 or Less, All Commercial Banks (DISCONTINUED)
141762	1	A		NSA	W852RC1A027NBEA	Local government consumption expenditures
142037	1	A		NSA	W851RC1A027NBEA	Local government current expenditures
14725	1	A		NSA	EMISSCO2VLUICBA	Lubricants Industrial Sector Carbon Dioxide Emissions
14724	2	A		NSA	EMISSCO2VLUACBA	Lubricants Transportation Sector Carbon Dioxide Emissions
82911	60	M		NSA	M2NS	M2
82912	12	M		NSA	M2OWN	M2 Own Rate (DISCONTINUED)
137807	1	A		NSA	MPU5200012	Machinery: Total Factor Productivity
134303	36	M		NSA	EXMAUS	Malaysian Ringgit to U.S. Dollar Spot Exchange Rate
134107	2	M		NSA	UMTMIS	Manufacturers' Inventories to Shipments Ratios: Total Manufacturing
134041	22	M		NSA	UMTMNO	Manufacturers' New Orders: Total Manufacturing
71063	16	M		NSA	MNFCTRIMNSA	Manufacturers Inventories
71071	8	M		NSA	MNFCTRSMNSA	Manufacturers Sales
98829	17	A		NSA	MFGPROD	Manufacturing Sector: Total Factor Productivity
82713	2	W		NSA	MORTMRGN1US	Margin for 1-Year Adjustable Rate Mortgage in the United States (DISCONTINUED)
82714	10	W		NSA	MORTMRGN5US	Margin for 5/1-Year Adjustable Rate Mortgage in the United States (DISCONTINUED)
13772	35	M		NSA	MVGFD027MNFRBDAL	Market Value of Gross Federal Debt
13773	47	M		NSA	MVMTD027MNFRBDAL	Market Value of Marketable Treasury Debt
13774	12	M		NSA	MVPHGFD027MNFRBDAL	Market Value of Privately Held Gross Federal Debt
11884	1	A		NSA	MEANAGIDC11A052NCEN	Mean Adjusted Gross Income for District of Columbia
10165	36	A		NSA	MAFAINUSA646N	Mean Family Income in the United States
10175	44	A		NSA	MAPAINUSA646N	Mean Personal Income in the United States
25702	3	M		NSA	HOSAVGUSM052N	Mean Sales Price of Existing Homes (DISCONTINUED)
27009	2	M		NSA	HSFAVGUSM052N	Mean Sales Price of Existing Single-Family Homes (DISCONTINUED)
11935	1	A		NSA	MEDAGIDC11A052NCEN	Median Adjusted Gross Income for District of Columbia
10185	49	A		NSA	MEFAINUSA646N	Median Family Income in the United States
10195	71	A		NSA	MEHOINUSA646N	Median Household Income in the United States
133750	20	M		NSA	MNMFS	Median Number of Months on Sales Market for Newly Completed Homes
10197	63	A		NSA	MEPAINUSA646N	Median Personal Income in the United States
133754	61	M		NSA	MSPNHSUS	Median Sales Price for New Houses Sold in the United States
27004	59	M		NSA	HOSMEDUSM052N	Median Sales Price of Existing Homes
27011	41	M		NSA	HSFMEDUSM052N	Median Sales Price of Existing Single-Family Homes
133760	89	Q		NSA	MSPUS	Median Sales Price of Houses Sold for the United States
74737	1	A		NSA	EXPMSSEF621ALLEST	Medical Supplies for Ambulatory Health Care Services, All Establishments, Employer Firms
72074	1	A		NSA	CCRCAALFFTE556233	Medical Supplies for Continuing Care Retirement Communities and Assisted Living Facilities for The Elderly, All Establishments, Employer Firms
74734	1	A		NSA	EXPMSSEF621493ALLEST	Medical Supplies for Freestanding Ambulatory Surgical and Emergency Centers, All Establishments, Employer Firms (DISCONTINUED)
74736	1	A		NSA	EXPMSSEF6216ALLEST	Medical Supplies for Home Health Care Services, All Establishments, Employer Firms
74738	1	A		NSA	EXPMSSEF622ALLEST	Medical Supplies for Hospitals, All Establishments, Employer Firms
74733	1	A		NSA	EXPMSSEF621492ALLEST	Medical Supplies for Kidney Dialysis Centers, All Establishments, Employer Firms (DISCONTINUED)
76200	1	A		NSA	MADLMSAEEF56215	Medical Supplies for Medical and Diagnostic Laboratories, All Establishments, Employer Firms
74740	1	A		NSA	EXPMSSEF623ALLEST	Medical Supplies for Nursing and Residential Care Facilities, All Establishments, Employer Firms
74739	1	A		NSA	EXPMSSEF6231ALLEST	Medical Supplies for Nursing Care Facilities, All Establishments, Employer Firms
74727	1	A		NSA	EXPMSS6212ALLESTEF	Medical supplies for Offices of Dentists, All Establishments, Employer Firms
74731	1	A		NSA	EXPMSSEF6211ALLEST	Medical Supplies for offices of Physicians, All Establishments, Employer Firms
74735	1	A		NSA	EXPMSSEF6214ALLEST	Medical Supplies for Outpatient Care Centers, All Establishments, Employer Firms
74732	1	A		NSA	EXPMSSEF62142ALLEST	Medical Supplies for Outpatient Mental Health and Substance Abuse Centers, All Establishments, Employer Firms (DISCONTINUED)
74730	1	A		NSA	EXPMSS6232ALLESTEF	Medical supplies for Residential Intellectual and Developmental Disability, Mental Health and Substance Abuse Facilities, All Establishments, Employer Firms
79981	5	M		NSA	WHLSLRIMNSA	Merchant Wholesalers Inventories
79989	5	M		NSA	WHLSLRSMNSA	Merchant Wholesalers Sales
134137	5	M		NSA	MAUINSA	Mexican Auto Imports
134306	46	M		NSA	EXMXUS	Mexican Pesos to U.S. Dollar Spot Exchange Rate
82890	75	M		NSA	BOGMBASE	Monetary Base: Total
82891	12	W		NSA	BOGMBASEW	Monetary Base; Total (DISCONTINUED)
82893	2	W		NSA	BOGMBBMW	Monetary Base; Total Balances Maintained (DISCONTINUED)
110127	76	Q		NSA	MMMFFAQ027S	Money Market Funds; Total Financial Assets, Level
133753	17	M		NSA	MSACSRNSA	Monthly Supply of New Houses in the United States
82670	10	M		NSA	AAAFFM	Moody's Seasoned Aaa Corporate Bond Minus Federal Funds Rate
82668	20	M		NSA	AAA10YM	Moody's Seasoned Aaa Corporate Bond Yield Relative to Yield on 10-Year Treasury Constant Maturity
82674	16	M		NSA	BAAFFM	Moody's Seasoned Baa Corporate Bond Minus Federal Funds Rate
82672	40	M		NSA	BAA10YM	Moody's Seasoned Baa Corporate Bond Yield Relative to Yield on 10-Year Treasury Constant Maturity
70474	5	M		NSAAR	MVATOTASSN	Motor Vehicle Assemblies: Total Motor Vehicle Assemblies
142704	4	A		NSA	A953RC1A027NBEA	Motor vehicle output
79722	51	M		NSA	M12MTVUSM227NFWA	Moving 12-Month Total Vehicle Miles Traveled
71871	1	A		NSA	ASMRPABPAE454131	Multi-Family Residential Projects (Excludes Apartment Building Projects) for Architectural Services, All Establishments, Employer Firms
88233	10	M		NSA	LNU02026619	Multiple Jobholders
88234	33	M		NSA	LNU02026620	Multiple Jobholders as a Percent of Employed
11558	11	A		NSA	POPH	National Population
13551	18	Q		NSA	QTAXTOTALQTAXCAT1USNO	National Totals of State and Local Tax Revenue: Total Taxes for the United States
13548	1	Q		NSA	QTAXTOT4QEQTAXCAT1USNO	National Totals of State and Local Tax Revenue: Total Taxes, 4 Quarters Ending for the United States
13553	6	Q		NSA	QTAXTOTALQTAXCAT2USNO	National Totals of State Tax Revenue: Total Taxes for the United States
13550	1	Q		NSA	QTAXTOT4QEQTAXCAT2USNO	National Totals of State Tax Revenue: Total Taxes, 4 Quarters Ending for the United States
79724	37	M		NSA	NATURALGAS	Natural Gas Consumption
14697	2	A		NSA	EMISSCO2TOTVTCNGA	Natural Gas Transportation Sector Carbon Dioxide Emissions
2	40	Q		NSA	NROUST	Natural Rate of Unemployment (Short-Term) (DISCONTINUED)
138767	1	A		NSA	W978RC1A027NBEA	Net capital transfers paid by government
138770	1	A		NSA	W981RC1A027NBEA	Net capital transfers paid by persons
138763	1	A		NSA	W975RC1A027NBEA	Net capital transfers paid by private business sector
138771	1	A		NSA	W982RC1A027NBEA	Net capital transfers paid by the rest of the world
135548	1	Q		NSA	NCOCMC	Net Commercial Loan Charge-offs to Total Commercial Loans for Banks (DISCONTINUED)
135552	1	Q		NSA	NCOCMC4	Net Commercial Loan Charge-offs to Total Commercial Loans, Banks with Total Assets from $10B to $20B (DISCONTINUED)
135551	1	Q		NSA	NCOCMC3	Net Commercial Loan Charge-offs to Total Commercial Loans, Banks with Total Assets from $1B to $10B (DISCONTINUED)
135550	1	Q		NSA	NCOCMC2	Net Commercial Loan Charge-offs to Total Commercial Loans, Banks with Total Assets from $300M to $1B (DISCONTINUED)
135553	1	Q		NSA	NCOCMC5	Net Commercial Loan Charge-offs to Total Commercial Loans, Banks with Total Assets over $20B (DISCONTINUED)
135549	1	Q		NSA	NCOCMC1	Net Commercial Loan Charge-offs to Total Commercial Loans, Banks with Total Assets up to $300M (DISCONTINUED)
145472	28	A		NSA	B056RC1A027NBEA	Net corporate dividend payments
145471	1	A		NSA	B056RC0A144NBEA	Net corporate dividend payments (DISCONTINUED)
139184	4	A		NSA	W173RC1A027NBEA	Net domestic fixed investment
139180	3	A		NSA	W171RC1A027NBEA	Net domestic investment
134563	1	M		NSA	NDFACBM027NBOG	Net Due to Related Foreign Offices, All Commercial Banks
140401	9	Q		NSA	NA000374Q	Net exports of goods and services
143614	1	A		NSA	B952RC1A027NBEA	Net housing value added
134737	4	Q		NSA	USNINC	Net Income for Commercial Banks in United States (DISCONTINUED)
85748	1	Q		NSA	NIUS	Net Income for Commercial Banks with Assets under $5B in United States (DISCONTINUED)
134736	4	Q		NSA	USNII	Net Interest Income for Commercial Banks in United States (DISCONTINUED)
85740	2	Q		NSA	INTINCOMEUS	Net Interest Income for Commercial Banks with Assets under $5B in United States (DISCONTINUED)
135783	30	Q		NSA	USNIM	Net Interest Margin for all U.S. Banks (DISCONTINUED)
85747	2	Q		NSA	NIMUS	Net Interest Margin for Commercial Banks with Assets under $5B in United States (DISCONTINUED)
135741	1	Q		NSA	US13NIM	Net Interest Margin for U.S. Banks with average assets between $100M and $300M (DISCONTINUED)
135734	1	Q		NSA	US115NIM	Net Interest Margin for U.S. Banks with average assets between $1B and $15B (DISCONTINUED)
135762	2	Q		NSA	US31NIM	Net Interest Margin for U.S. Banks with average assets between $300M and $1B (DISCONTINUED)
135769	2	Q		NSA	USG15NIM	Net Interest Margin for U.S. Banks with average assets greater than $15B (DISCONTINUED)
135776	2	Q		NSA	USL15NIM	Net Interest Margin for U.S. Banks with average assets less than $15B (DISCONTINUED)
135727	6	Q		NSA	US100NIM	Net Interest Margin for U.S. Banks with average assets under $100M (DISCONTINUED)
135748	9	Q		NSA	US1NIM	Net Interest Margin for U.S. Banks with average assets under $1B (DISCONTINUED)
135755	1	Q		NSA	US300NIM	Net Interest Margin for U.S. Banks with average assets under $300M (DISCONTINUED)
109045	3	Q		NSA	IEANLFN	Net lending (+) or net borrowing (-) from financial-account transactions
135782	9	Q		NSA	USLSTL	Net Loan Losses to Average Total Loans for all U.S. Banks (DISCONTINUED)
135951	1	Q		NSA	D8LSTL	Net Loan Losses to Average Total Loans for Banks Geographically Located in Federal Reserve District 8: St. Louis Portion of 8th Banks (DISCONTINUED)
135740	1	Q		NSA	US13LSTL	Net Loan Losses to Average Total Loans for U.S. Banks with average assets between $100M and $300M (DISCONTINUED)
135733	1	Q		NSA	US115LSTL	Net Loan Losses to Average Total Loans for U.S. Banks with average assets between $1B and $15B (DISCONTINUED)
135761	2	Q		NSA	US31LSTL	Net Loan Losses to Average Total Loans for U.S. Banks with average assets between $300M and $1B (DISCONTINUED)
135768	1	Q		NSA	USG15LSTL	Net Loan Losses to Average Total Loans for U.S. Banks with average assets greater than $15B (DISCONTINUED)
135775	1	Q		NSA	USL15LSTL	Net Loan Losses to Average Total Loans for U.S. Banks with average assets less than $15B (DISCONTINUED)
135726	1	Q		NSA	US100LSTL	Net Loan Losses to Average Total Loans for U.S. Banks with average assets under $100M (DISCONTINUED)
135747	1	Q		NSA	US1LSTL	Net Loan Losses to Average Total Loans for U.S. Banks with average assets under $1B (DISCONTINUED)
135754	1	Q		NSA	US300LSTL	Net Loan Losses to Average Total Loans for U.S. Banks with average assets under $300M (DISCONTINUED)
85787	1	Q		NSA	H0SUBLPDHMDNQ	Net Percentage of Banks Reporting Stronger Demand for Mortgage Loans (DISCONTINUED)
85788	2	Q		NSA	H0SUBLPDHMSNQ	Net Percentage of Banks Tightening Standards for Mortgage Loans (DISCONTINUED)
85814	1	Q		NSA	SUBLPDCILTQNQ	Net Percentage of Domestic Banks Increasing Collateral Requirements for Large and Middle-Market Firms
86147	4	Q		NSA	SUBLPDCISTQNQ	Net Percentage of Domestic Banks Increasing Collateral Requirements for Small Firms
85817	1	Q		NSA	SUBLPDCILTRNQ	Net Percentage of Domestic Banks Increasing Premiums Charged on Riskier Loans for Large and Middle-Market Firms
86150	1	Q		NSA	SUBLPDCISTRNQ	Net Percentage of Domestic Banks Increasing Premiums Charged on Riskier Loans for Small Firms
86190	14	Q		NSA	SUBLPDCLCTSNQ	Net Percentage of Domestic Banks Increasing Spreads of Interest Rates Over Banks' Cost of Funds on Credit Card Loans
86171	3	Q		NSA	SUBLPDCLATSNQ	Net Percentage of Domestic Banks Increasing Spreads of Loan Rates Over Banks' Cost of Funds on Auto Loans
85769	22	Q		NSA	DRISCFLM	Net Percentage of Domestic Banks Increasing Spreads of Loan Rates Over Banks' Cost of Funds to Large and Middle-Market Firms
85770	8	Q		NSA	DRISCFS	Net Percentage of Domestic Banks Increasing Spreads of Loan Rates Over Banks' Cost of Funds to Small Firms
85802	1	Q		NSA	SUBLPDCILTCNQ	Net Percentage of Domestic Banks Increasing the Cost of Credit Lines to Large and Middle-Market Firms
86135	1	Q		NSA	SUBLPDCISTCNQ	Net Percentage of Domestic Banks Increasing the Cost of Credit Lines to Small Firms
86184	2	Q		NSA	SUBLPDCLCTMNQ	Net Percentage of Domestic Banks Increasing the Minimum Percentage of Outstanding Balances Required to Be Repaid on Credit Card Loans
86168	2	Q		NSA	SUBLPDCLATRNQ	Net Percentage of Domestic Banks Increasing the Minimum Required Credit Score for Auto Loans
86220	2	Q		NSA	SUBLPDCLXTRNQ	Net Percentage of Domestic Banks Increasing the Minimum Required Credit Score for Consumer Loans Excluding Credit Card and Auto Loans
86205	1	Q		NSA	SUBLPDCLOTRNQ	Net Percentage of Domestic Banks Increasing the Minimum Required Credit Score for Consumer Loans Excluding Credit Card Loans (DISCONTINUED)
86187	2	Q		NSA	SUBLPDCLCTRNQ	Net Percentage of Domestic Banks Increasing the Minimum Required Credit Score for Credit Card Loans
86159	3	Q		NSA	SUBLPDCLATDNQ	Net Percentage of Domestic Banks Increasing the Minimum Required Down Payment on Auto Loans
86211	1	Q		NSA	SUBLPDCLXTDNQ	Net Percentage of Domestic Banks Increasing the Minimum Required Down Payment on Consumer Loans Excluding Credit Card and Auto Loans
86202	1	Q		NSA	SUBLPDCLOTDNQ	Net Percentage of Domestic Banks Increasing the Minimum Required Down Payments for Consumer Loans Excluding Credit Card Loans (DISCONTINUED)
85805	1	Q		NSA	SUBLPDCILTFNQ	Net Percentage of Domestic Banks Increasing the Use of Interest Rate Floors for Large and Middle-Market Firms
86138	1	Q		NSA	SUBLPDCISTFNQ	Net Percentage of Domestic Banks Increasing the Use of Interest Rate Floors for Small Firms
86178	3	Q		NSA	SUBLPDCLCTCNQ	Net Percentage of Domestic Banks Reducing Credit Limits on Credit Card Loans
86204	1	Q		NSA	SUBLPDCLOTMNQ	Net Percentage of Domestic Banks Reducing the Maximum Maturity for Consumer Loans Excluding Credit Card Loans (DISCONTINUED)
85799	1	Q		NSA	SUBLPDCILTANQ	Net Percentage of Domestic Banks Reducing the Maximum Maturity of Credit Lines for Large and Middle-Market Firms
86132	1	Q		NSA	SUBLPDCISTANQ	Net Percentage of Domestic Banks Reducing the Maximum Maturity of Credit Lines for Small Firms
85792	1	Q		NSA	SUBLPDCIAINQ	Net Percentage of Domestic Banks Reporting Increased Number of Inquiries for Commercial and Industrial Loans
85771	25	Q		NSA	DRIWCIL	Net Percentage of Domestic Banks Reporting Increased Willingness to Make Consumer Installment Loans
85766	19	Q		NSA	DEMAUTO	Net Percentage of Domestic Banks Reporting Stronger Demand for Auto Loans
85772	41	Q		NSA	DRSDCILM	Net Percentage of Domestic Banks Reporting Stronger Demand for Commercial and Industrial Loans From Large and Middle-Market Firms
85773	18	Q		NSA	DRSDCIS	Net Percentage of Domestic Banks Reporting Stronger Demand for Commercial and Industrial Loans From Small Firms
85775	1	Q		NSA	DRSDCREL	Net Percentage of Domestic Banks Reporting Stronger Demand for Commercial Real Estate Loans (DISCONTINUED)
86275	6	Q		NSA	SUBLPDRCDM	Net Percentage of Domestic Banks Reporting Stronger Demand for Commercial Real Estate Loans Secured by Multifamily Residential Structures
86278	10	Q		NSA	SUBLPDRCDN	Net Percentage of Domestic Banks Reporting Stronger Demand for Commercial Real Estate Loans Secured by Nonfarm Nonresidential Structures
86272	18	Q		NSA	SUBLPDRCDC	Net Percentage of Domestic Banks Reporting Stronger Demand for Commercial Real Estate Loans With Construction and Land Development Purposes
85774	1	Q		NSA	DRSDCL	Net Percentage of Domestic Banks Reporting Stronger Demand for Consumer Loans (DISCONTINUED)
85768	13	Q		NSA	DEMOTHCONS	Net Percentage of Domestic Banks Reporting Stronger Demand for Consumer Loans Excluding Credit Card and Auto Loans
85767	19	Q		NSA	DEMCC	Net Percentage of Domestic Banks Reporting Stronger Demand for Credit Card Loans
86229	2	Q		NSA	SUBLPDHMDGNQ	Net Percentage of Domestic Banks Reporting Stronger Demand for Government Mortgage Loans
86226	3	Q		NSA	SUBLPDHMDENQ	Net Percentage of Domestic Banks Reporting Stronger Demand for GSE-Eligible Mortgage Loans
86193	8	Q		NSA	SUBLPDCLHDNQ	Net Percentage of Domestic Banks Reporting Stronger Demand for HELOCs
86235	2	Q		NSA	SUBLPDHMDKNQ	Net Percentage of Domestic Banks Reporting Stronger Demand for Non-Qualified Mortgage Jumbo Mortgage Loans
86238	2	Q		NSA	SUBLPDHMDMNQ	Net Percentage of Domestic Banks Reporting Stronger Demand for Non-Qualified Mortgage Non-Jumbo Mortgage Loans
85776	1	Q		NSA	DRSDNT	Net Percentage of Domestic Banks Reporting Stronger Demand for Nontraditional Mortgage Loans (DISCONTINUED)
85777	1	Q		NSA	DRSDPM	Net Percentage of Domestic Banks Reporting Stronger Demand for Prime Mortgage Loans (DISCONTINUED)
86232	2	Q		NSA	SUBLPDHMDJNQ	Net Percentage of Domestic Banks Reporting Stronger Demand for Qualified Mortgage Jumbo Mortgage Loans
85778	13	Q		NSA	DRSDSP	Net Percentage of Domestic Banks Reporting Stronger Demand for Subprime Mortgage Loans
85808	1	Q		NSA	SUBLPDCILTLNQ	Net Percentage of Domestic Banks Tightening Loan Covenants for Large and Middle-Market Firms
86141	1	Q		NSA	SUBLPDCISTLNQ	Net Percentage of Domestic Banks Tightening Loan Covenants for Small Firms
86162	1	Q		NSA	SUBLPDCLATENQ	Net Percentage of Domestic Banks Tightening Policies on Auto Loans to Customers That Do Not Meet Credit Scoring Thresholds
86214	1	Q		NSA	SUBLPDCLXTENQ	Net Percentage of Domestic Banks Tightening Policies on Consumer Loans Excluding Credit Card and Auto Loans to Customers That Do Not Meet Credit Scoring Thresholds
86203	1	Q		NSA	SUBLPDCLOTENQ	Net Percentage of Domestic Banks Tightening Policies on Consumer Loans Excluding Credit Card Loans for Customers That Do Not Meet Credit Scoring Thresholds (DISCONTINUED)
86181	1	Q		NSA	SUBLPDCLCTENQ	Net Percentage of Domestic Banks Tightening Policies on Credit Card Loans to Customers That Do Not Meet Credit Scoring Thresholds
85789	34	Q		NSA	STDSAUTO	Net Percentage of Domestic Banks Tightening Standards for Auto Loans
85779	70	Q		NSA	DRTSCILM	Net Percentage of Domestic Banks Tightening Standards for Commercial and Industrial Loans to Large and Middle-Market Firms
85780	50	Q		NSA	DRTSCIS	Net Percentage of Domestic Banks Tightening Standards for Commercial and Industrial Loans to Small Firms
85783	5	Q		NSA	DRTSCREL	Net Percentage of Domestic Banks Tightening Standards for Commercial Real Estate Loans (DISCONTINUED)
86284	20	Q		NSA	SUBLPDRCSM	Net Percentage of Domestic Banks Tightening Standards for Commercial Real Estate Loans Secured by Multifamily Residential Structures
86287	25	Q		NSA	SUBLPDRCSN	Net Percentage of Domestic Banks Tightening Standards for Commercial Real Estate Loans Secured by Nonfarm Nonresidential Structures
86281	38	Q		NSA	SUBLPDRCSC	Net Percentage of Domestic Banks Tightening Standards for Commercial Real Estate Loans With Construction and Land Development Purposes
85782	1	Q		NSA	DRTSCOCL	Net Percentage of Domestic Banks Tightening Standards for Consumer Loans Excluding Credit Card (DISCONTINUED)
85790	21	Q		NSA	STDSOTHCONS	Net Percentage of Domestic Banks Tightening Standards for Consumer Loans Excluding Credit Card and Auto Loans
86201	1	Q		NSA	SUBLPDCLOSNQ	Net Percentage of Domestic Banks Tightening Standards for Consumer Loans Excluding Credit Card Loans (DISCONTINUED)
85781	49	Q		NSA	DRTSCLCC	Net Percentage of Domestic Banks Tightening Standards for Credit Card Loans
86249	2	Q		NSA	SUBLPDHMSGNQ	Net Percentage of Domestic Banks Tightening Standards for Government Mortgage Loans
86246	12	Q		NSA	SUBLPDHMSENQ	Net Percentage of Domestic Banks Tightening Standards for GSE-Eligible Mortgage Loans
86196	8	Q		NSA	SUBLPDCLHSNQ	Net Percentage of Domestic Banks Tightening Standards for HELOCs
86255	1	Q		NSA	SUBLPDHMSKNQ	Net Percentage of Domestic Banks Tightening Standards for Non-Qualified Mortgage Jumbo Mortgage Loans
86258	5	Q		NSA	SUBLPDHMSMNQ	Net Percentage of Domestic Banks Tightening Standards for Non-Qualified Mortgage Non-Jumbo Mortgage Loans
85784	1	Q		NSA	DRTSNT	Net Percentage of Domestic Banks Tightening Standards for Nontraditional Mortgage Loans (DISCONTINUED)
85785	3	Q		NSA	DRTSPM	Net Percentage of Domestic Banks Tightening Standards for Prime Mortgage Loans (DISCONTINUED)
86252	3	Q		NSA	SUBLPDHMSJNQ	Net Percentage of Domestic Banks Tightening Standards for Qualified Mortgage Jumbo Mortgage Loans
85786	21	Q		NSA	DRTSSP	Net Percentage of Domestic Banks Tightening Standards for Subprime Mortgage Loans
86400	1	Q		NSA	SUBLPFCITQNQ	Net Percentage of Foreign Banks Increasing Collateralization Requirements
86396	1	Q		NSA	SUBLPFCITCNQ	Net Percentage of Foreign Banks Increasing Costs of Credit Lines
86401	1	Q		NSA	SUBLPFCITRNQ	Net Percentage of Foreign Banks Increasing Premiums Charged on Riskier Loans
86402	1	Q		NSA	SUBLPFCITSNQ	Net Percentage of Foreign Banks Increasing Spreads of Loan Rates Over Banks' Cost of Funds
86397	1	Q		NSA	SUBLPFCITFNQ	Net Percentage of Foreign Banks Increasing the Use of Interest Rate Floors
86395	1	Q		NSA	SUBLPFCITANQ	Net Percentage of Foreign Banks Reducing the Maximum Maturity of Credit Lines
86291	1	Q		NSA	SUBLPFCIINQ	Net Percentage of Foreign Banks Reporting Increased Number of Inquiries for Commercial and Industrial Loans
86290	1	Q		NSA	SUBLPFCIDNQ	Net Percentage of Foreign Banks Reporting Stronger Demand for Commercial and Industrial Loans
86403	1	Q		NSA	SUBLPFRCDNQ	Net Percentage of Foreign Banks Reporting Stronger Demand for Commercial Real Estate Loans
86398	1	Q		NSA	SUBLPFCITLNQ	Net Percentage of Foreign Banks Tightening Loan Covenants
86394	1	Q		NSA	SUBLPFCISNQ	Net Percentage of Foreign Banks Tightening Standards for Approving Commercial and Industrial Loans
86404	2	Q		NSA	SUBLPFRCSNQ	Net Percentage of Foreign Banks Tightening Standards for Commercial Real Estate Loans
85813	1	Q		NSA	SUBLPDCILTQLGNQ	Net Percentage of Large Domestic Banks Increasing Collateral Requirements for Large and Middle-Market Firms
86146	1	Q		NSA	SUBLPDCISTQLGNQ	Net Percentage of Large Domestic Banks Increasing Collateral Requirements for Small Firms
85816	1	Q		NSA	SUBLPDCILTRLGNQ	Net Percentage of Large Domestic Banks Increasing Premiums Charged on Riskier Loans for Large and Middle-Market Firms
86149	2	Q		NSA	SUBLPDCISTRLGNQ	Net Percentage of Large Domestic Banks Increasing Premiums Charged on Riskier Loans for Small Firms
86189	9	Q		NSA	SUBLPDCLCTSLGNQ	Net Percentage of Large Domestic Banks Increasing Spreads of Interest Rates Over Banks' Cost of Funds on Credit Card Loans
86170	2	Q		NSA	SUBLPDCLATSLGNQ	Net Percentage of Large Domestic Banks Increasing Spreads of Loan Rates Over Banks' Cost of Funds on Auto Loans
85819	2	Q		NSA	SUBLPDCILTSLGNQ	Net Percentage of Large Domestic Banks Increasing Spreads of Loan Rates Over Banks' Cost of Funds to Large and Middle-Market Firms
86152	1	Q		NSA	SUBLPDCISTSLGNQ	Net Percentage of Large Domestic Banks Increasing Spreads of Loan Rates Over Banks' Cost of Funds to Small Firms
85801	1	Q		NSA	SUBLPDCILTCLGNQ	Net Percentage of Large Domestic Banks Increasing the Cost of Credit Lines to Large and Middle-Market Firms
86134	1	Q		NSA	SUBLPDCISTCLGNQ	Net Percentage of Large Domestic Banks Increasing the Cost of Credit Lines to Small Firms
86183	1	Q		NSA	SUBLPDCLCTMLGNQ	Net Percentage of Large Domestic Banks Increasing the Minimum Percentage of Outstanding Balances Required to Be Repaid on Credit Card Loans
86167	1	Q		NSA	SUBLPDCLATRLGNQ	Net Percentage of Large Domestic Banks Increasing the Minimum Required Credit Score for Auto Loans
86219	1	Q		NSA	SUBLPDCLXTRLGNQ	Net Percentage of Large Domestic Banks Increasing the Minimum Required Credit Score for Consumer Loans Excluding Credit Card and Auto Loans
86186	3	Q		NSA	SUBLPDCLCTRLGNQ	Net Percentage of Large Domestic Banks Increasing the Minimum Required Credit Score for Credit Card Loans
86158	1	Q		NSA	SUBLPDCLATDLGNQ	Net Percentage of Large Domestic Banks Increasing the Minimum Required Down Payment on Auto Loans
86210	1	Q		NSA	SUBLPDCLXTDLGNQ	Net Percentage of Large Domestic Banks Increasing the Minimum Required Down Payment on Consumer Loans Excluding Credit Card and Auto Loans
85804	1	Q		NSA	SUBLPDCILTFLGNQ	Net Percentage of Large Domestic Banks Increasing the Use of Interest Rate Floors for Large and Middle-Market Firms
86137	1	Q		NSA	SUBLPDCISTFLGNQ	Net Percentage of Large Domestic Banks Increasing the Use of Interest Rate Floors for Small Firms
86177	1	Q		NSA	SUBLPDCLCTCLGNQ	Net Percentage of Large Domestic Banks Reducing Credit Limits on Credit Card Loans
85798	1	Q		NSA	SUBLPDCILTALGNQ	Net Percentage of Large Domestic Banks Reducing the Maximum Maturity of Credit Lines for Large and Middle-Market Firms
86131	1	Q		NSA	SUBLPDCISTALGNQ	Net Percentage of Large Domestic Banks Reducing the Maximum Maturity of Credit Lines for Small Firms
85791	1	Q		NSA	SUBLPDCIAILGNQ	Net Percentage of Large Domestic Banks Reporting Increased Number of Inquiries for Commercial and Industrial Loans
86198	1	Q		NSA	SUBLPDCLIWLGNQ	Net Percentage of Large Domestic Banks Reporting Increased Willingness to Make Consumer Installment Loans
86154	1	Q		NSA	SUBLPDCLADLGNQ	Net Percentage of Large Domestic Banks Reporting Stronger Demand for Auto Loans
85794	1	Q		NSA	SUBLPDCILDLGNQ	Net Percentage of Large Domestic Banks Reporting Stronger Demand for Commercial and Industrial Loans From Large and Middle-Market Firms
86127	2	Q		NSA	SUBLPDCISDLGNQ	Net Percentage of Large Domestic Banks Reporting Stronger Demand for Commercial and Industrial Loans From Small Firms
86276	1	Q		NSA	SUBLPDRCDMLGNQ	Net Percentage of Large Domestic Banks Reporting Stronger Demand for Commercial Real Estate Loans Secured by Multifamily Residential Structures
86279	2	Q		NSA	SUBLPDRCDNLGNQ	Net Percentage of Large Domestic Banks Reporting Stronger Demand for Commercial Real Estate Loans Secured by Nonfarm Nonresidential Structures
86273	2	Q		NSA	SUBLPDRCDCLGNQ	Net Percentage of Large Domestic Banks Reporting Stronger Demand for Commercial Real Estate Loans With Construction and Land Development Purposes
86206	4	Q		NSA	SUBLPDCLXDLGNQ	Net Percentage of Large Domestic Banks Reporting Stronger Demand for Consumer Loans Excluding Credit Card and Auto Loans
86173	1	Q		NSA	SUBLPDCLCDLGNQ	Net Percentage of Large Domestic Banks Reporting Stronger Demand for Credit Card Loans
86228	1	Q		NSA	SUBLPDHMDGLGNQ	Net Percentage of Large Domestic Banks Reporting Stronger Demand for Government Mortgage Loans
86225	1	Q		NSA	SUBLPDHMDELGNQ	Net Percentage of Large Domestic Banks Reporting Stronger Demand for GSE-Eligible Mortgage Loans
86192	1	Q		NSA	SUBLPDCLHDLGNQ	Net Percentage of Large Domestic Banks Reporting Stronger Demand for HELOCs
86234	1	Q		NSA	SUBLPDHMDKLGNQ	Net Percentage of Large Domestic Banks Reporting Stronger Demand for Non-Qualified Mortgage Jumbo Mortgage Loans
86237	1	Q		NSA	SUBLPDHMDMLGNQ	Net Percentage of Large Domestic Banks Reporting Stronger Demand for Non-Qualified Mortgage Non-Jumbo Mortgage Loans
86231	1	Q		NSA	SUBLPDHMDJLGNQ	Net Percentage of Large Domestic Banks Reporting Stronger Demand for Qualified Mortgage Jumbo Mortgage Loans
86243	4	Q		NSA	SUBLPDHMDSLGNQ	Net Percentage of Large Domestic Banks Reporting Stronger Demand for Subprime Mortgage Loans
85807	1	Q		NSA	SUBLPDCILTLLGNQ	Net Percentage of Large Domestic Banks Tightening Loan Covenants for Large and Middle-Market Firms
86140	1	Q		NSA	SUBLPDCISTLLGNQ	Net Percentage of Large Domestic Banks Tightening Loan Covenants for Small Firms
86161	1	Q		NSA	SUBLPDCLATELGNQ	Net Percentage of Large Domestic Banks Tightening Policies on Auto Loans to Customers That Do Not Meet Credit Scoring Thresholds
86213	1	Q		NSA	SUBLPDCLXTELGNQ	Net Percentage of Large Domestic Banks Tightening Policies on Consumer Loans Excluding Credit Card and Auto Loans to Customers That Do Not Meet Credit Scoring Thresholds
86180	3	Q		NSA	SUBLPDCLCTELGNQ	Net Percentage of Large Domestic Banks Tightening Policies on Credit Card Loans to Customers That Do Not Meet Credit Scoring Thresholds
86156	3	Q		NSA	SUBLPDCLASLGNQ	Net Percentage of Large Domestic Banks Tightening Standards for Auto Loans
85796	13	Q		NSA	SUBLPDCILSLGNQ	Net Percentage of Large Domestic Banks Tightening Standards for Commercial and Industrial Loans to Large and Middle-Market Firms
86129	4	Q		NSA	SUBLPDCISSLGNQ	Net Percentage of Large Domestic Banks Tightening Standards for Commercial and Industrial Loans to Small Firms
86285	2	Q		NSA	SUBLPDRCSMLGNQ	Net Percentage of Large Domestic Banks Tightening Standards for Commercial Real Estate Loans Secured by Multifamily Residential Structures
86288	4	Q		NSA	SUBLPDRCSNLGNQ	Net Percentage of Large Domestic Banks Tightening Standards for Commercial Real Estate Loans Secured by Nonfarm Nonresidential Structures
86282	6	Q		NSA	SUBLPDRCSCLGNQ	Net Percentage of Large Domestic Banks Tightening Standards for Commercial Real Estate Loans With Construction and Land Development Purposes
86208	2	Q		NSA	SUBLPDCLXSLGNQ	Net Percentage of Large Domestic Banks Tightening Standards for Consumer Loans Excluding Credit Card and Auto Loans
86175	17	Q		NSA	SUBLPDCLCSLGNQ	Net Percentage of Large Domestic Banks Tightening Standards for Credit Card Loans
86248	1	Q		NSA	SUBLPDHMSGLGNQ	Net Percentage of Large Domestic Banks Tightening Standards for Government Mortgage Loans
86245	1	Q		NSA	SUBLPDHMSELGNQ	Net Percentage of Large Domestic Banks Tightening Standards for GSE-Eligible Mortgage Loans
86195	1	Q		NSA	SUBLPDCLHSLGNQ	Net Percentage of Large Domestic Banks Tightening Standards for HELOCs
86254	1	Q		NSA	SUBLPDHMSKLGNQ	Net Percentage of Large Domestic Banks Tightening Standards for Non-Qualified Mortgage Jumbo Mortgage Loans
86257	1	Q		NSA	SUBLPDHMSMLGNQ	Net Percentage of Large Domestic Banks Tightening Standards for Non-Qualified Mortgage Non-Jumbo Mortgage Loans
86251	2	Q		NSA	SUBLPDHMSJLGNQ	Net Percentage of Large Domestic Banks Tightening Standards for Qualified Mortgage Jumbo Mortgage Loans
86263	4	Q		NSA	SUBLPDHMSSLGNQ	Net Percentage of Large Domestic Banks Tightening Standards for Subprime Mortgage Loans
134571	1	M		NSA	NUGACBM027NBOG	Net Unrealized Gains (Losses) on Available-for-Sale Securities, All Commercial Banks (DISCONTINUED)
74744	1	A		NSA	EXPNCFEF5151ALLEST	Network Compensation Fees (Networks Only) for Radio and Television Broadcasting , All Establishments , Employer Firms
74741	1	A		NSA	EXPNCFEF515111ALLEST	Network Compensation Fees (Networks Only) for Radio Networks, All Establishments, Employer Firms (DISCONTINUED)
74742	1	A		NSA	EXPNCFEF515112ALLEST	Network Compensation Fees (Networks Only) for Radio Stations, All Establishments, Employer Firms (DISCONTINUED)
74743	1	A		NSA	EXPNCFEF51512ALLEST	Network Compensation Fees (Networks Only) for Television Broadcasting, All Establishments, Employer Firms (DISCONTINUED)
14901	2	M		NSA	RIFLPCFANNM	New Car Average Finance Rate at Auto Finance Companies (DISCONTINUED)
133767	1	M		NSA	NHFSEPT	New Houses for Sale by Stage of Construction, Total
133869	3	Q		NSA	NHSUSSPTQ	New Houses Sold by Sales Price (All Prices) in the United States
133865	14	M		NSA	NHSUSSPT	New Houses Sold by Sales Price in the United States, Total
133779	3	M		NSA	NHSDPT	New Houses Sold by Stage of Construction, Total
11398	15	D		NSA	IHLIDXNEWNSAUS	New Job Postings on Indeed in the United States
133741	30	M		NSA	HNFSUSNSA	New One Family Houses for Sale in the United States
133706	27	M		NSA	PERMITNSA	New Privately-Owned Housing Units Authorized in Permit-Issuing Places: Total Units
133722	44	M		NSA	HOUSTNSA	New Privately-Owned Housing Units Started: Total Units
82863	27	M		NSA	TWEXAFEGSMTH	Nominal Advanced Foreign Economies U.S. Dollar Index
82867	58	M		NSA	TWEXBGSMTH	Nominal Broad U.S. Dollar Index
82868	18	M		NSA	TWEXBMTH	Nominal Broad U.S. Dollar Index (Goods Only) (DISCONTINUED)
82871	18	M		NSA	TWEXEMEGSMTH	Nominal Emerging Market Economies U.S. Dollar Index
82874	24	M		NSA	TWEXMMTH	Nominal Major Currencies U.S. Dollar Index (Goods Only) (DISCONTINUED)
71872	1	A		NSA	ASNBPABPAE454131	Non-Residential Building Projects (Includes Apartment Building Projects) for Architectural Services, All Establishments, Employer Firms
139550	1	A		NSA	A1700C0A144NBEA	Noncorporate capital consumption allowances
1	63	Q		NSA	NROU	Noncyclical Rate of Unemployment
138617	1	A		NSA	MPU9910012	Nondurable Manufacturing Sector: Total Factor Productivity
11551	4	A		NSA	NFHHFH	Nonfamily Households with Female Householder
11552	6	A		NSA	NFHHMH	Nonfamily Households with Male Householder
3541	2	M		NSA	ADPMES500PENERNSA	Nonfarm Private Employment in Large Establishments with 500+ Employees
3539	1	M		NSA	ADPMES250T499ENERNSA	Nonfarm Private Employment in Medium Establishments with 250 to 499 Employees
3543	1	M		NSA	ADPMES50T249ENERNSA	Nonfarm Private Employment in Medium Establishments with 50 to 249 Employees
3535	2	M		NSA	ADPMES1T19ENERNSA	Nonfarm Private Employment in Small Establishments with 1 to 19 Employees
3537	2	M		NSA	ADPMES20T49ENERNSA	Nonfarm Private Employment in Small Establishments with 20 to 49 Employees
3545	3	M		NSA	ADPMINDCONNERNSA	Nonfarm Private Payroll Employment for Construction
3547	1	M		NSA	ADPMINDEDHLTNERNSA	Nonfarm Private Payroll Employment for Education and Health Services
3549	1	M		NSA	ADPMINDFINNERNSA	Nonfarm Private Payroll Employment for Financial Activities
3551	2	M		NSA	ADPMINDINFONERNSA	Nonfarm Private Payroll Employment for Information
3553	1	M		NSA	ADPMINDLSHPNERNSA	Nonfarm Private Payroll Employment for Leisure and Hospitality
3555	6	M		NSA	ADPMINDMANNERNSA	Nonfarm Private Payroll Employment for Manufacturing
3557	1	M		NSA	ADPMINDNRMINNERNSA	Nonfarm Private Payroll Employment for Natural Resources and Mining
3561	2	M		NSA	ADPMINDPROBUSNERNSA	Nonfarm Private Payroll Employment for Professional and Business Services
86465	1	M		NSA	DTBSPCKNNM	Nonfinancial Commercial Paper Outstanding
86542	1	M		NSA	H1DTBSPCKINNM	Nonfinancial Commercial Paper Outstanding (DISCONTINUED)
108622	2	Q		NSA	TATASHCBSNNCB	Nonfinancial Corporate Business; Total Assets at Historical Cost, Level
108621	27	Q		NSA	TABSNNCB	Nonfinancial Corporate Business; Total Assets, Level
109853	1	Q		NSA	NCBTSTQ027S	Nonfinancial corporate business; total assets, Level (DISCONTINUED)
109627	7	Q		NSA	NCBCDTQ027S	Nonfinancial Corporate Business; Total Currency and Deposits; Asset, Level
108624	16	Q		NSA	TFAABSNNCB	Nonfinancial Corporate Business; Total Financial Assets, Level
109821	1	Q		NSA	NCBTFTQ027S	Nonfinancial corporate business; total financial assets, Level (DISCONTINUED)
109738	3	Q		NSA	NCBLEYQ027S	Nonfinancial Corporate Business; Total Liabilities and Equity, Level
109721	1	Q		NSA	NCBIMAQ027S	Nonfinancial Corporate Business; Total Liabilities and Net Worth (IMA), Level
108625	17	Q		NSA	TLBSNNCB	Nonfinancial Corporate Business; Total Liabilities, Level
109831	1	Q		NSA	NCBTLSQ027S	Nonfinancial Corporate Business; Total Loans; Asset, Level
109741	2	Q		NSA	NCBLILQ027S	Nonfinancial Corporate Business; Total Loans; Liability, Level
108595	2	Q		NSA	MABSNNCB	Nonfinancial Corporate Business; Total Mortgages; Asset (Excluding Ereits), Level
109839	1	Q		NSA	NCBTMTQ027S	Nonfinancial corporate business; total mortgages; asset, Level (DISCONTINUED)
108597	3	Q		NSA	MLBSNNCB	Nonfinancial Corporate Business; Total Mortgages; Liability, Level
109751	1	Q		NSA	NCBMILQ027S	Nonfinancial corporate business; total mortgages; liability, Level (DISCONTINUED)
108631	11	Q		NSA	TSDABSNNCB	Nonfinancial Corporate Business; Total Time and Savings Deposits; Asset, Level
109849	1	Q		NSA	NCBTSDQ027S	Nonfinancial corporate business; total time and savings deposits; asset, Level (DISCONTINUED)
108672	5	Q		NSA	TABSNNB	Nonfinancial Noncorporate Business; Total Assets, Level
109547	1	Q		NSA	NNBTASQ027S	Nonfinancial noncorporate business; total assets, Level (DISCONTINUED)
109411	1	Q		NSA	NNBCDAQ027S	Nonfinancial Noncorporate Business; Total Currency and Deposits; Asset, Level
108674	3	Q		NSA	TFAABSNNB	Nonfinancial Noncorporate Business; Total Financial Assets, Level
109553	1	Q		NSA	NNBTFTQ027S	Nonfinancial noncorporate business; total financial assets, Level (DISCONTINUED)
109557	1	Q		NSA	NNBTIWQ027S	Nonfinancial Noncorporate Business; Total Liabilities and Net Worth, Level
108675	3	Q		NSA	TLBSNNB	Nonfinancial Noncorporate Business; Total Liabilities, Level
109555	1	Q		NSA	NNBTILQ027S	Nonfinancial noncorporate business; total liabilities, Level (DISCONTINUED)
109558	1	A		NSA	NNBTLAA027N	Nonfinancial noncorporate business; total loans; asset, Flow (DISCONTINUED)
109567	1	Q		NSA	NNBTLTQ027S	Nonfinancial noncorporate business; total loans; asset, Level (DISCONTINUED)
109561	1	Q		NSA	NNBTLBQ027S	Nonfinancial Noncorporate Business; Total Loans; Liability, Level
108644	1	Q		NSA	MLBSNNB	Nonfinancial Noncorporate Business; Total Mortgages, Excluding Noncorporate Farms; Liability (DISCONTINUED)
108643	4	Q		NSA	MABSNNB	Nonfinancial Noncorporate Business; Total Mortgages; Asset, Level
109575	1	Q		NSA	NNBTMTQ027S	Nonfinancial noncorporate business; total mortgages; asset, Level (DISCONTINUED)
108661	1	Q		NSA	NNBTML	Nonfinancial Noncorporate Business; Total Mortgages; Liability, Level
109571	1	Q		NSA	NNBTMBQ027S	Nonfinancial noncorporate business; total mortgages; liability, Level (DISCONTINUED)
108680	3	Q		NSA	TSDABSNNB	Nonfinancial Noncorporate Business; Total Time and Savings Deposits; Asset, Level
109591	1	Q		NSA	NNBTTDQ027S	Nonfinancial noncorporate business; total time and savings deposits; asset, Level (DISCONTINUED)
108679	4	Q		NSA	TSABSNNB	Nonfinancial Noncorporate Business; Total U.S. Government Securities; Asset, Level
109466	1	Q		NSA	NNBGSTQ027S	Nonfinancial noncorporate business; total U.S. government securities; asset, Level (DISCONTINUED)
76253	1	A		NSA	MRFNWARMCSA456292	Nonhazardous Waste and Recyclable Material Consolidation, Storage, and Preparation Services for Materials Recovery Facilities, All Establishments, Employer Firms
137654	1	A		NSA	MPU5050012	Nonmetallic Mineral Products: Total Factor Productivity
135560	5	Q		NSA	NPCMCM	Nonperforming Commercial Loans (past due 90+ days plus nonaccrual) to Commercial Loans (DISCONTINUED)
135564	1	Q		NSA	NPCMCM4	Nonperforming Commercial Loans (past due 90+ days plus nonaccrual) to Commercial Loans, Banks with Total Assets from $10B to $20B (DISCONTINUED)
135563	1	Q		NSA	NPCMCM3	Nonperforming Commercial Loans (past due 90+ days plus nonaccrual) to Commercial Loans, Banks with Total Assets from $1B to $10B (DISCONTINUED)
135562	1	Q		NSA	NPCMCM2	Nonperforming Commercial Loans (past due 90+ days plus nonaccrual) to Commercial Loans, Banks with Total Assets from $300M to $1B (DISCONTINUED)
135565	1	Q		NSA	NPCMCM5	Nonperforming Commercial Loans (past due 90+ days plus nonaccrual) to Commercial Loans, Banks with Total Assets over $20B (DISCONTINUED)
135561	1	Q		NSA	NPCMCM1	Nonperforming Commercial Loans (past due 90+ days plus nonaccrual) to Commercial Loans, Banks with Total Assets up to $300M (DISCONTINUED)
135784	14	Q		NSA	USNPTL	Nonperforming Loans (past due 90+ days plus nonaccrual) to Total Loans for all U.S. Banks (DISCONTINUED)
135953	1	Q		NSA	D8NPTL	Nonperforming Loans (past due 90+ days plus nonaccrual) to Total Loans for Banks Geographically Located in Federal Reserve District 8: St. Louis Portion of 8th Banks (DISCONTINUED)
135742	6	Q		NSA	US13NPTL	Nonperforming Loans (past due 90+ days plus nonaccrual) to Total Loans for U.S. Banks with average assets between $100M and $300M (DISCONTINUED)
135735	2	Q		NSA	US115NPTL	Nonperforming Loans (past due 90+ days plus nonaccrual) to Total Loans for U.S. Banks with average assets between $1B and $15B (DISCONTINUED)
135763	1	Q		NSA	US31NPTL	Nonperforming Loans (past due 90+ days plus nonaccrual) to Total Loans for U.S. Banks with average assets between $300M and $1B (DISCONTINUED)
135770	1	Q		NSA	USG15NPTL	Nonperforming Loans (past due 90+ days plus nonaccrual) to Total Loans for U.S. Banks with average assets greater than $15B (DISCONTINUED)
135777	1	Q		NSA	USL15NPTL	Nonperforming Loans (past due 90+ days plus nonaccrual) to Total Loans for U.S. Banks with average assets less than $15B (DISCONTINUED)
135728	1	Q		NSA	US100NPTL	Nonperforming Loans (past due 90+ days plus nonaccrual) to Total Loans for U.S. Banks with average assets under $100M (DISCONTINUED)
135749	1	Q		NSA	US1NPTL	Nonperforming Loans (past due 90+ days plus nonaccrual) to Total Loans for U.S. Banks with average assets under $1B (DISCONTINUED)
135756	1	Q		NSA	US300NPTL	Nonperforming Loans (past due 90+ days plus nonaccrual) to Total Loans for U.S. Banks with average assets under $300M (DISCONTINUED)
135566	25	Q		NSA	NPTLTL	Nonperforming Total Loans (past due 90+ days plus nonaccrual) to Total Loans (DISCONTINUED)
135570	1	Q		NSA	NPTLTL4	Nonperforming Total Loans (past due 90+ days plus nonaccrual) to Total Loans, Banks with Total Assets from $10B to $20B (DISCONTINUED)
135569	1	Q		NSA	NPTLTL3	Nonperforming Total Loans (past due 90+ days plus nonaccrual) to Total Loans, Banks with Total Assets from $1B to $10B (DISCONTINUED)
135568	1	Q		NSA	NPTLTL2	Nonperforming Total Loans (past due 90+ days plus nonaccrual) to Total Loans, Banks with Total Assets from $300M to $1B (DISCONTINUED)
135571	1	Q		NSA	NPTLTL5	Nonperforming Total Loans (past due 90+ days plus nonaccrual) to Total Loans, Banks with Total Assets over $20B (DISCONTINUED)
135567	1	Q		NSA	NPTLTL1	Nonperforming Total Loans (past due 90+ days plus nonaccrual) to Total Loans, Banks with Total Assets up to $300M (DISCONTINUED)
108504	1	A		NSA	W424RC1A027NBEA	Nonprofit institution income included in personal income
71861	1	A		NSA	ARTRENBPMAE45313	Nonresidential Building Property Management for Activities Related To Real Estate, All Establishments, Employer Firms
76552	1	A		NSA	OOREAABNBPM45312	Nonresidential Building Property Management for Offices of Real Estate Agents and Brokers, All Establishments, Employer Firms
134313	28	M		NSA	EXNOUS	Norwegian Kroner to U.S. Dollar Spot Exchange Rate
86547	1	D		NSA	MKT14MKTVOL	Number of Commercial Paper Issues with a Maturity Between 1 and 4 Days
86545	1	D		NSA	MKT1020MKTVOL	Number of Commercial Paper Issues with a Maturity Between 10 and 20 Days
86549	1	D		NSA	MKT2140MKTVOL	Number of Commercial Paper Issues with a Maturity Between 21 and 40 Days
86551	1	D		NSA	MKT4180MKTVOL	Number of Commercial Paper Issues with a Maturity Between 41 and 80 Days
86553	1	D		NSA	MKT59MKTVOL	Number of Commercial Paper Issues with a Maturity Between 5 and 9 Days
86555	2	D		NSA	MKTGT80MKTVOL	Number of Commercial Paper Issues with a Maturity Greater Than 80 Days
85834	1	Q		NSA	SUBLPDCIRECSNQ	Number of Domestic Banks That Eased and Reported That Improvement in Current or Expected Capital Position Was a Somewhat Important Reason
85837	1	Q		NSA	SUBLPDCIRECVNQ	Number of Domestic Banks That Eased and Reported That Improvement in Current or Expected Capital Position Was a Very Important Reason
85831	1	Q		NSA	SUBLPDCIRECNNQ	Number of Domestic Banks That Eased and Reported That Improvement in Current or Expected Capital Position Was Not an Important Reason
85870	1	Q		NSA	SUBLPDCIRELSNQ	Number of Domestic Banks That Eased and Reported That Improvement in Current or Expected Liquidity Position Was a Somewhat Important Reason
85873	1	Q		NSA	SUBLPDCIRELVNQ	Number of Domestic Banks That Eased and Reported That Improvement in Current or Expected Liquidity Position Was a Very Important Reason
85867	1	Q		NSA	SUBLPDCIRELNNQ	Number of Domestic Banks That Eased and Reported That Improvement in Current or Expected Liquidity Position Was Not an Important Reason
85861	1	Q		NSA	SUBLPDCIREISNQ	Number of Domestic Banks That Eased and Reported That Improvement in Industry-Specific Problems Was a Somewhat Important Reason
85864	1	Q		NSA	SUBLPDCIREIVNQ	Number of Domestic Banks That Eased and Reported That Improvement in Industry-Specific Problems Was a Very Important Reason
85858	1	Q		NSA	SUBLPDCIREINNQ	Number of Domestic Banks That Eased and Reported That Improvement in Industry-Specific Problems Was Not an Important Reason
85897	1	Q		NSA	SUBLPDCIRESSNQ	Number of Domestic Banks That Eased and Reported That Increased Liquidity in the Secondary Market for These (Commercial and Industrial) Loans Was a Somewhat Important Reason
85900	1	Q		NSA	SUBLPDCIRESVNQ	Number of Domestic Banks That Eased and Reported That Increased Liquidity in the Secondary Market for These (Commercial and Industrial) Loans Was a Very Important Reason
85894	1	Q		NSA	SUBLPDCIRESNNQ	Number of Domestic Banks That Eased and Reported That Increased Liquidity in the Secondary Market for These (Commercial and Industrial) Loans Was Not an Important Reason
85888	1	Q		NSA	SUBLPDCIRERSNQ	Number of Domestic Banks That Eased and Reported That Increased Tolerance for Risk Was a Somewhat Important Reason
85891	1	Q		NSA	SUBLPDCIRERVNQ	Number of Domestic Banks That Eased and Reported That Increased Tolerance for Risk Was a Very Important Reason
85885	1	Q		NSA	SUBLPDCIRERNNQ	Number of Domestic Banks That Eased and Reported That Increased Tolerance for Risk Was Not an Important Reason
85879	1	Q		NSA	SUBLPDCIREOSNQ	Number of Domestic Banks That Eased and Reported That More Favorable Economic Outlook Was a Somewhat Important Reason
85882	1	Q		NSA	SUBLPDCIREOVNQ	Number of Domestic Banks That Eased and Reported That More Favorable Economic Outlook Was a Very Important Reason
85876	1	Q		NSA	SUBLPDCIREONNQ	Number of Domestic Banks That Eased and Reported That More Favorable Economic Outlook Was Not an Important Reason
85843	1	Q		NSA	SUBLPDCIREDSNQ	Number of Domestic Banks That Eased and Reported That Reduction in Defaults by Borrowers in Public Debt Markets Was a Somewhat Important Reason
85846	1	Q		NSA	SUBLPDCIREDVNQ	Number of Domestic Banks That Eased and Reported That Reduction in Defaults by Borrowers in Public Debt Markets Was a Very Important Reason
85840	1	Q		NSA	SUBLPDCIREDNNQ	Number of Domestic Banks That Eased and Reported That Reduction in Defaults by Borrowers in Public Debt Markets Was Not an Important Reason
85960	1	Q		NSA	SUBLPDCIRSRSNQ	Number of Domestic Banks That Reported Stronger Commercial and Industrial Loan Demand and Reported That Customers' Transitioning From Commercial Real Estate Loans to Commercial and Industrial Loans Was a Somewhat Important Reason (DISCONTINUED)
85963	1	Q		NSA	SUBLPDCIRSRVNQ	Number of Domestic Banks That Reported Stronger Commercial and Industrial Loan Demand and Reported That Customers' Transitioning From Commercial Real Estate Loans to Commercial and Industrial Loans Was a Very Important Reason (DISCONTINUED)
85957	1	Q		NSA	SUBLPDCIRSRNNQ	Number of Domestic Banks That Reported Stronger Commercial and Industrial Loan Demand and Reported That Customers' Transitioning From Commercial Real Estate Loans to Commercial and Industrial Loans Was Not an Important Reason (DISCONTINUED)
85924	1	Q		NSA	SUBLPDCIRSGSNQ	Number of Domestic Banks That Reported Stronger Commercial and Industrial Loan Demand and Reported That Decreased Customer Internally Generated Funds Was a Somewhat Important Reason
85927	1	Q		NSA	SUBLPDCIRSGVNQ	Number of Domestic Banks That Reported Stronger Commercial and Industrial Loan Demand and Reported That Decreased Customer Internally Generated Funds Was a Very Important Reason
85921	1	Q		NSA	SUBLPDCIRSGNNQ	Number of Domestic Banks That Reported Stronger Commercial and Industrial Loan Demand and Reported That Decreased Customer Internally Generated Funds Was Not an Important Reason
85906	1	Q		NSA	SUBLPDCIRSASNQ	Number of Domestic Banks That Reported Stronger Commercial and Industrial Loan Demand and Reported That Increased Customer Accounts Receivable Financing Needs Was a Somewhat Important Reason
85909	1	Q		NSA	SUBLPDCIRSAVNQ	Number of Domestic Banks That Reported Stronger Commercial and Industrial Loan Demand and Reported That Increased Customer Accounts Receivable Financing Needs Was a Very Important Reason
85903	1	Q		NSA	SUBLPDCIRSANNQ	Number of Domestic Banks That Reported Stronger Commercial and Industrial Loan Demand and Reported That Increased Customer Accounts Receivable Financing Needs Was Not an Important Reason
85933	1	Q		NSA	SUBLPDCIRSISNQ	Number of Domestic Banks That Reported Stronger Commercial and Industrial Loan Demand and Reported That Increased Customer Inventory Financing Needs Was a Somewhat Important Reason
85936	1	Q		NSA	SUBLPDCIRSIVNQ	Number of Domestic Banks That Reported Stronger Commercial and Industrial Loan Demand and Reported That Increased Customer Inventory Financing Needs Was a Very Important Reason
85930	1	Q		NSA	SUBLPDCIRSINNQ	Number of Domestic Banks That Reported Stronger Commercial and Industrial Loan Demand and Reported That Increased Customer Inventory Financing Needs Was Not an Important Reason
85915	1	Q		NSA	SUBLPDCIRSESNQ	Number of Domestic Banks That Reported Stronger Commercial and Industrial Loan Demand and Reported That Increased Customer Investment in Plant or Equipment Was a Somewhat Important Reason
85918	1	Q		NSA	SUBLPDCIRSEVNQ	Number of Domestic Banks That Reported Stronger Commercial and Industrial Loan Demand and Reported That Increased Customer Investment in Plant or Equipment Was a Very Important Reason
85912	1	Q		NSA	SUBLPDCIRSENNQ	Number of Domestic Banks That Reported Stronger Commercial and Industrial Loan Demand and Reported That Increased Customer Investment in Plant or Equipment Was Not an Important Reason
85942	1	Q		NSA	SUBLPDCIRSMSNQ	Number of Domestic Banks That Reported Stronger Commercial and Industrial Loan Demand and Reported That Increased Customer Merger or Acquisition Financing Needs Was a Somewhat Important Reason
85945	1	Q		NSA	SUBLPDCIRSMVNQ	Number of Domestic Banks That Reported Stronger Commercial and Industrial Loan Demand and Reported That Increased Customer Merger or Acquisition Financing Needs Was a Very Important Reason
85939	2	Q		NSA	SUBLPDCIRSMNNQ	Number of Domestic Banks That Reported Stronger Commercial and Industrial Loan Demand and Reported That Increased Customer Merger or Acquisition Financing Needs Was Not an Important Reason
85951	1	Q		NSA	SUBLPDCIRSPSNQ	Number of Domestic Banks That Reported Stronger Commercial and Industrial Loan Demand and Reported That Increased Customers' Precautionary Demand for Cash and Liquidity Was a Somewhat Important Reason
85954	1	Q		NSA	SUBLPDCIRSPVNQ	Number of Domestic Banks That Reported Stronger Commercial and Industrial Loan Demand and Reported That Increased Customers' Precautionary Demand for Cash and Liquidity Was a Very Important Reason
85948	1	Q		NSA	SUBLPDCIRSPNNQ	Number of Domestic Banks That Reported Stronger Commercial and Industrial Loan Demand and Reported That Increased Customers' Precautionary Demand for Cash and Liquidity Was Not an Important Reason
86113	1	Q		NSA	SUBLPDCIRWRSNQ	Number of Domestic Banks That Reported Weaker Commercial and Industrial Loan Demand and Reported That Customers' Transitioning From Commercial and Industrial Loans to Commercial Real Estate Loans Was a Somewhat Important Reason (DISCONTINUED)
86116	1	Q		NSA	SUBLPDCIRWRVNQ	Number of Domestic Banks That Reported Weaker Commercial and Industrial Loan Demand and Reported That Customers' Transitioning From Commercial and Industrial Loans to Commercial Real Estate Loans Was a Very Important Reason (DISCONTINUED)
86110	1	Q		NSA	SUBLPDCIRWRNNQ	Number of Domestic Banks That Reported Weaker Commercial and Industrial Loan Demand and Reported That Customers' Transitioning From Commercial and Industrial Loans to Commercial Real Estate Loans Was Not an Important Reason (DISCONTINUED)
86059	1	Q		NSA	SUBLPDCIRWASNQ	Number of Domestic Banks That Reported Weaker Commercial and Industrial Loan Demand and Reported That Decreased Customer Accounts Receivable Financing Needs Was a Somewhat Important Reason
86062	1	Q		NSA	SUBLPDCIRWAVNQ	Number of Domestic Banks That Reported Weaker Commercial and Industrial Loan Demand and Reported That Decreased Customer Accounts Receivable Financing Needs Was a Very Important Reason
86056	1	Q		NSA	SUBLPDCIRWANNQ	Number of Domestic Banks That Reported Weaker Commercial and Industrial Loan Demand and Reported That Decreased Customer Accounts Receivable Financing Needs Was Not an Important Reason
86086	1	Q		NSA	SUBLPDCIRWISNQ	Number of Domestic Banks That Reported Weaker Commercial and Industrial Loan Demand and Reported That Decreased Customer Inventory Financing Needs Was a Somewhat Important Reason
86089	1	Q		NSA	SUBLPDCIRWIVNQ	Number of Domestic Banks That Reported Weaker Commercial and Industrial Loan Demand and Reported That Decreased Customer Inventory Financing Needs Was a Very Important Reason
86083	1	Q		NSA	SUBLPDCIRWINNQ	Number of Domestic Banks That Reported Weaker Commercial and Industrial Loan Demand and Reported That Decreased Customer Inventory Financing Needs Was Not an Important Reason
86068	1	Q		NSA	SUBLPDCIRWESNQ	Number of Domestic Banks That Reported Weaker Commercial and Industrial Loan Demand and Reported That Decreased Customer Investment in Plant or Equipment Was a Somewhat Important Reason
86071	1	Q		NSA	SUBLPDCIRWEVNQ	Number of Domestic Banks That Reported Weaker Commercial and Industrial Loan Demand and Reported That Decreased Customer Investment in Plant or Equipment Was a Very Important Reason
86065	1	Q		NSA	SUBLPDCIRWENNQ	Number of Domestic Banks That Reported Weaker Commercial and Industrial Loan Demand and Reported That Decreased Customer Investment in Plant or Equipment Was Not an Important Reason
86095	1	Q		NSA	SUBLPDCIRWMSNQ	Number of Domestic Banks That Reported Weaker Commercial and Industrial Loan Demand and Reported That Decreased Customer Merger or Acquisition Financing Needs Was a Somewhat Important Reason
86098	1	Q		NSA	SUBLPDCIRWMVNQ	Number of Domestic Banks That Reported Weaker Commercial and Industrial Loan Demand and Reported That Decreased Customer Merger or Acquisition Financing Needs Was a Very Important Reason
86092	1	Q		NSA	SUBLPDCIRWMNNQ	Number of Domestic Banks That Reported Weaker Commercial and Industrial Loan Demand and Reported That Decreased Customer Merger or Acquisition Financing Needs Was Not an Important Reason
86104	1	Q		NSA	SUBLPDCIRWPSNQ	Number of Domestic Banks That Reported Weaker Commercial and Industrial Loan Demand and Reported That Decreased Customers' Precautionary Demand for Cash and Liquidity Was a Somewhat Important Reason
86107	1	Q		NSA	SUBLPDCIRWPVNQ	Number of Domestic Banks That Reported Weaker Commercial and Industrial Loan Demand and Reported That Decreased Customers' Precautionary Demand for Cash and Liquidity Was a Very Important Reason
86101	1	Q		NSA	SUBLPDCIRWPNNQ	Number of Domestic Banks That Reported Weaker Commercial and Industrial Loan Demand and Reported That Decreased Customers' Precautionary Demand for Cash and Liquidity Was Not an Important Reason
86077	1	Q		NSA	SUBLPDCIRWGSNQ	Number of Domestic Banks That Reported Weaker Commercial and Industrial Loan Demand and Reported That Increased Customer Internally Generated Funds Was a Somewhat Important Reason
86080	1	Q		NSA	SUBLPDCIRWGVNQ	Number of Domestic Banks That Reported Weaker Commercial and Industrial Loan Demand and Reported That Increased Customer Internally Generated Funds Was a Very Important Reason
86074	1	Q		NSA	SUBLPDCIRWGNNQ	Number of Domestic Banks That Reported Weaker Commercial and Industrial Loan Demand and Reported That Increased Customer Internally Generated Funds Was Not an Important Reason
86023	1	Q		NSA	SUBLPDCIRTLSNQ	Number of Domestic Banks That Tightened and Reported That Current or Expected Liquidity Position Was a Somewhat Important Reason
86026	1	Q		NSA	SUBLPDCIRTLVNQ	Number of Domestic Banks That Tightened and Reported That Current or Expected Liquidity Position Was a Very Important Reason
86020	1	Q		NSA	SUBLPDCIRTLNNQ	Number of Domestic Banks That Tightened and Reported That Current or Expected Liquidity Position Was Not an Important Reason
86050	1	Q		NSA	SUBLPDCIRTSSNQ	Number of Domestic Banks That Tightened and Reported That Decreased Liquidity in the Secondary Market for These (Commercial and Industrial) Loans Was a Somewhat Important Reason
86053	1	Q		NSA	SUBLPDCIRTSVNQ	Number of Domestic Banks That Tightened and Reported That Decreased Liquidity in the Secondary Market for These (Commercial and Industrial) Loans Was a Very Important Reason
86047	1	Q		NSA	SUBLPDCIRTSNNQ	Number of Domestic Banks That Tightened and Reported That Decreased Liquidity in the Secondary Market for These (Commercial and Industrial) Loans Was Not an Important Reason
85987	1	Q		NSA	SUBLPDCIRTCSNQ	Number of Domestic Banks That Tightened and Reported That Deterioration in Current or Expected Capital Position Was a Somewhat Important Reason
85990	1	Q		NSA	SUBLPDCIRTCVNQ	Number of Domestic Banks That Tightened and Reported That Deterioration in Current or Expected Capital Position Was a Very Important Reason
85984	1	Q		NSA	SUBLPDCIRTCNNQ	Number of Domestic Banks That Tightened and Reported That Deterioration in Current or Expected Capital Position Was Not an Important Reason
85996	1	Q		NSA	SUBLPDCIRTDSNQ	Number of Domestic Banks That Tightened and Reported That Increase in Defaults by Borrowers in Public Debt Markets Was a Somewhat Important Reason
85999	1	Q		NSA	SUBLPDCIRTDVNQ	Number of Domestic Banks That Tightened and Reported That Increase in Defaults by Borrowers in Public Debt Markets Was a Very Important Reason
85993	1	Q		NSA	SUBLPDCIRTDNNQ	Number of Domestic Banks That Tightened and Reported That Increase in Defaults by Borrowers in Public Debt Markets Was Not an Important Reason
86032	1	Q		NSA	SUBLPDCIRTOSNQ	Number of Domestic Banks That Tightened and Reported That Less Favorable Economic Outlook Was a Somewhat Important Reason
86035	1	Q		NSA	SUBLPDCIRTOVNQ	Number of Domestic Banks That Tightened and Reported That Less Favorable Economic Outlook Was a Very Important Reason
86029	1	Q		NSA	SUBLPDCIRTONNQ	Number of Domestic Banks That Tightened and Reported That Less Favorable Economic Outlook Was Not an Important Reason
86041	1	Q		NSA	SUBLPDCIRTRSNQ	Number of Domestic Banks That Tightened and Reported That Reduced Tolerance for Risk Was a Somewhat Important Reason
86044	1	Q		NSA	SUBLPDCIRTRVNQ	Number of Domestic Banks That Tightened and Reported That Reduced Tolerance for Risk Was a Very Important Reason
86038	1	Q		NSA	SUBLPDCIRTRNNQ	Number of Domestic Banks That Tightened and Reported That Reduced Tolerance for Risk Was Not an Important Reason
86014	1	Q		NSA	SUBLPDCIRTISNQ	Number of Domestic Banks That Tightened and Reported That Worsening of Industry-Specific Problems Was a Somewhat Important Reason
86017	1	Q		NSA	SUBLPDCIRTIVNQ	Number of Domestic Banks That Tightened and Reported That Worsening of Industry-Specific Problems Was a Very Important Reason
86011	1	Q		NSA	SUBLPDCIRTINNQ	Number of Domestic Banks That Tightened and Reported That Worsening of Industry-Specific Problems Was Not an Important Reason
85833	1	Q		NSA	SUBLPDCIRECSLGNQ	Number of Large Domestic Banks That Eased and Reported That Improvement in Current or Expected Capital Position Was a Somewhat Important Reason
85836	1	Q		NSA	SUBLPDCIRECVLGNQ	Number of Large Domestic Banks That Eased and Reported That Improvement in Current or Expected Capital Position Was a Very Important Reason
85830	1	Q		NSA	SUBLPDCIRECNLGNQ	Number of Large Domestic Banks That Eased and Reported That Improvement in Current or Expected Capital Position Was Not an Important Reason
85869	1	Q		NSA	SUBLPDCIRELSLGNQ	Number of Large Domestic Banks That Eased and Reported That Improvement in Current or Expected Liquidity Position Was a Somewhat Important Reason
85872	1	Q		NSA	SUBLPDCIRELVLGNQ	Number of Large Domestic Banks That Eased and Reported That Improvement in Current or Expected Liquidity Position Was a Very Important Reason
85866	1	Q		NSA	SUBLPDCIRELNLGNQ	Number of Large Domestic Banks That Eased and Reported That Improvement in Current or Expected Liquidity Position Was Not an Important Reason
85860	1	Q		NSA	SUBLPDCIREISLGNQ	Number of Large Domestic Banks That Eased and Reported That Improvement in Industry-Specific Problems Was a Somewhat Important Reason
85863	1	Q		NSA	SUBLPDCIREIVLGNQ	Number of Large Domestic Banks That Eased and Reported That Improvement in Industry-Specific Problems Was a Very Important Reason
85857	1	Q		NSA	SUBLPDCIREINLGNQ	Number of Large Domestic Banks That Eased and Reported That Improvement in Industry-Specific Problems Was Not an Important Reason
85896	1	Q		NSA	SUBLPDCIRESSLGNQ	Number of Large Domestic Banks That Eased and Reported That Increased Liquidity in the Secondary Market for These (Commercial and Industrial) Loans Was a Somewhat Important Reason
85899	1	Q		NSA	SUBLPDCIRESVLGNQ	Number of Large Domestic Banks That Eased and Reported That Increased Liquidity in the Secondary Market for These (Commercial and Industrial) Loans Was a Very Important Reason
85893	1	Q		NSA	SUBLPDCIRESNLGNQ	Number of Large Domestic Banks That Eased and Reported That Increased Liquidity in the Secondary Market for These (Commercial and Industrial) Loans Was Not an Important Reason
85887	1	Q		NSA	SUBLPDCIRERSLGNQ	Number of Large Domestic Banks That Eased and Reported That Increased Tolerance for Risk Was a Somewhat Important Reason
85890	1	Q		NSA	SUBLPDCIRERVLGNQ	Number of Large Domestic Banks That Eased and Reported That Increased Tolerance for Risk Was a Very Important Reason
85884	1	Q		NSA	SUBLPDCIRERNLGNQ	Number of Large Domestic Banks That Eased and Reported That Increased Tolerance for Risk Was Not an Important Reason
85878	1	Q		NSA	SUBLPDCIREOSLGNQ	Number of Large Domestic Banks That Eased and Reported That More Favorable Economic Outlook Was a Somewhat Important Reason
85881	1	Q		NSA	SUBLPDCIREOVLGNQ	Number of Large Domestic Banks That Eased and Reported That More Favorable Economic Outlook Was a Very Important Reason
85875	1	Q		NSA	SUBLPDCIREONLGNQ	Number of Large Domestic Banks That Eased and Reported That More Favorable Economic Outlook Was Not an Important Reason
85842	1	Q		NSA	SUBLPDCIREDSLGNQ	Number of Large Domestic Banks That Eased and Reported That Reduction in Defaults by Borrowers in Public Debt Markets Was a Somewhat Important Reason
85845	1	Q		NSA	SUBLPDCIREDVLGNQ	Number of Large Domestic Banks That Eased and Reported That Reduction in Defaults by Borrowers in Public Debt Markets Was a Very Important Reason
85839	1	Q		NSA	SUBLPDCIREDNLGNQ	Number of Large Domestic Banks That Eased and Reported That Reduction in Defaults by Borrowers in Public Debt Markets Was Not an Important Reason
85959	1	Q		NSA	SUBLPDCIRSRSLGNQ	Number of Large Domestic Banks That Reported Stronger Commercial and Industrial Loan Demand and Reported That Customers' Transitioning From Commercial Real Estate Loans to Commercial and Industrial Loans Was a Somewhat Important Reason (DISCONTINUED)
85962	1	Q		NSA	SUBLPDCIRSRVLGNQ	Number of Large Domestic Banks That Reported Stronger Commercial and Industrial Loan Demand and Reported That Customers' Transitioning From Commercial Real Estate Loans to Commercial and Industrial Loans Was a Very Important Reason (DISCONTINUED)
85956	1	Q		NSA	SUBLPDCIRSRNLGNQ	Number of Large Domestic Banks That Reported Stronger Commercial and Industrial Loan Demand and Reported That Customers' Transitioning From Commercial Real Estate Loans to Commercial and Industrial Loans Was Not an Important Reason (DISCONTINUED)
85923	1	Q		NSA	SUBLPDCIRSGSLGNQ	Number of Large Domestic Banks That Reported Stronger Commercial and Industrial Loan Demand and Reported That Decreased Customer Internally Generated Funds Was a Somewhat Important Reason
85926	1	Q		NSA	SUBLPDCIRSGVLGNQ	Number of Large Domestic Banks That Reported Stronger Commercial and Industrial Loan Demand and Reported That Decreased Customer Internally Generated Funds Was a Very Important Reason
85920	1	Q		NSA	SUBLPDCIRSGNLGNQ	Number of Large Domestic Banks That Reported Stronger Commercial and Industrial Loan Demand and Reported That Decreased Customer Internally Generated Funds Was Not an Important Reason
85905	1	Q		NSA	SUBLPDCIRSASLGNQ	Number of Large Domestic Banks That Reported Stronger Commercial and Industrial Loan Demand and Reported That Increased Customer Accounts Receivable Financing Needs Was a Somewhat Important Reason
85908	1	Q		NSA	SUBLPDCIRSAVLGNQ	Number of Large Domestic Banks That Reported Stronger Commercial and Industrial Loan Demand and Reported That Increased Customer Accounts Receivable Financing Needs Was a Very Important Reason
85902	1	Q		NSA	SUBLPDCIRSANLGNQ	Number of Large Domestic Banks That Reported Stronger Commercial and Industrial Loan Demand and Reported That Increased Customer Accounts Receivable Financing Needs Was Not an Important Reason
85932	1	Q		NSA	SUBLPDCIRSISLGNQ	Number of Large Domestic Banks That Reported Stronger Commercial and Industrial Loan Demand and Reported That Increased Customer Inventory Financing Needs Was a Somewhat Important Reason
85935	1	Q		NSA	SUBLPDCIRSIVLGNQ	Number of Large Domestic Banks That Reported Stronger Commercial and Industrial Loan Demand and Reported That Increased Customer Inventory Financing Needs Was a Very Important Reason
85929	1	Q		NSA	SUBLPDCIRSINLGNQ	Number of Large Domestic Banks That Reported Stronger Commercial and Industrial Loan Demand and Reported That Increased Customer Inventory Financing Needs Was Not an Important Reason
85914	1	Q		NSA	SUBLPDCIRSESLGNQ	Number of Large Domestic Banks That Reported Stronger Commercial and Industrial Loan Demand and Reported That Increased Customer Investment in Plant or Equipment Was a Somewhat Important Reason
85917	1	Q		NSA	SUBLPDCIRSEVLGNQ	Number of Large Domestic Banks That Reported Stronger Commercial and Industrial Loan Demand and Reported That Increased Customer Investment in Plant or Equipment Was a Very Important Reason
85911	1	Q		NSA	SUBLPDCIRSENLGNQ	Number of Large Domestic Banks That Reported Stronger Commercial and Industrial Loan Demand and Reported That Increased Customer Investment in Plant or Equipment Was Not an Important Reason
85941	1	Q		NSA	SUBLPDCIRSMSLGNQ	Number of Large Domestic Banks That Reported Stronger Commercial and Industrial Loan Demand and Reported That Increased Customer Merger or Acquisition Financing Needs Was a Somewhat Important Reason
85944	1	Q		NSA	SUBLPDCIRSMVLGNQ	Number of Large Domestic Banks That Reported Stronger Commercial and Industrial Loan Demand and Reported That Increased Customer Merger or Acquisition Financing Needs Was a Very Important Reason
85938	1	Q		NSA	SUBLPDCIRSMNLGNQ	Number of Large Domestic Banks That Reported Stronger Commercial and Industrial Loan Demand and Reported That Increased Customer Merger or Acquisition Financing Needs Was Not an Important Reason
85950	1	Q		NSA	SUBLPDCIRSPSLGNQ	Number of Large Domestic Banks That Reported Stronger Commercial and Industrial Loan Demand and Reported That Increased Customers' Precautionary Demand for Cash and Liquidity Was a Somewhat Important Reason
85953	1	Q		NSA	SUBLPDCIRSPVLGNQ	Number of Large Domestic Banks That Reported Stronger Commercial and Industrial Loan Demand and Reported That Increased Customers' Precautionary Demand for Cash and Liquidity Was a Very Important Reason
85947	1	Q		NSA	SUBLPDCIRSPNLGNQ	Number of Large Domestic Banks That Reported Stronger Commercial and Industrial Loan Demand and Reported That Increased Customers' Precautionary Demand for Cash and Liquidity Was Not an Important Reason
86112	1	Q		NSA	SUBLPDCIRWRSLGNQ	Number of Large Domestic Banks That Reported Weaker Commercial and Industrial Loan Demand and Reported That Customers' Transitioning From Commercial and Industrial Loans to Commercial Real Estate Loans Was a Somewhat Important Reason (DISCONTINUED)
86115	1	Q		NSA	SUBLPDCIRWRVLGNQ	Number of Large Domestic Banks That Reported Weaker Commercial and Industrial Loan Demand and Reported That Customers' Transitioning From Commercial and Industrial Loans to Commercial Real Estate Loans Was a Very Important Reason (DISCONTINUED)
86109	1	Q		NSA	SUBLPDCIRWRNLGNQ	Number of Large Domestic Banks That Reported Weaker Commercial and Industrial Loan Demand and Reported That Customers' Transitioning From Commercial and Industrial Loans to Commercial Real Estate Loans Was Not an Important Reason (DISCONTINUED)
86058	1	Q		NSA	SUBLPDCIRWASLGNQ	Number of Large Domestic Banks That Reported Weaker Commercial and Industrial Loan Demand and Reported That Decreased Customer Accounts Receivable Financing Needs Was a Somewhat Important Reason
86061	1	Q		NSA	SUBLPDCIRWAVLGNQ	Number of Large Domestic Banks That Reported Weaker Commercial and Industrial Loan Demand and Reported That Decreased Customer Accounts Receivable Financing Needs Was a Very Important Reason
86055	1	Q		NSA	SUBLPDCIRWANLGNQ	Number of Large Domestic Banks That Reported Weaker Commercial and Industrial Loan Demand and Reported That Decreased Customer Accounts Receivable Financing Needs Was Not an Important Reason
86085	1	Q		NSA	SUBLPDCIRWISLGNQ	Number of Large Domestic Banks That Reported Weaker Commercial and Industrial Loan Demand and Reported That Decreased Customer Inventory Financing Needs Was a Somewhat Important Reason
86088	1	Q		NSA	SUBLPDCIRWIVLGNQ	Number of Large Domestic Banks That Reported Weaker Commercial and Industrial Loan Demand and Reported That Decreased Customer Inventory Financing Needs Was a Very Important Reason
86082	1	Q		NSA	SUBLPDCIRWINLGNQ	Number of Large Domestic Banks That Reported Weaker Commercial and Industrial Loan Demand and Reported That Decreased Customer Inventory Financing Needs Was Not an Important Reason
86067	1	Q		NSA	SUBLPDCIRWESLGNQ	Number of Large Domestic Banks That Reported Weaker Commercial and Industrial Loan Demand and Reported That Decreased Customer Investment in Plant or Equipment Was a Somewhat Important Reason
86070	1	Q		NSA	SUBLPDCIRWEVLGNQ	Number of Large Domestic Banks That Reported Weaker Commercial and Industrial Loan Demand and Reported That Decreased Customer Investment in Plant or Equipment Was a Very Important Reason
86064	1	Q		NSA	SUBLPDCIRWENLGNQ	Number of Large Domestic Banks That Reported Weaker Commercial and Industrial Loan Demand and Reported That Decreased Customer Investment in Plant or Equipment Was Not an Important Reason
86094	1	Q		NSA	SUBLPDCIRWMSLGNQ	Number of Large Domestic Banks That Reported Weaker Commercial and Industrial Loan Demand and Reported That Decreased Customer Merger or Acquisition Financing Needs Was a Somewhat Important Reason
86097	1	Q		NSA	SUBLPDCIRWMVLGNQ	Number of Large Domestic Banks That Reported Weaker Commercial and Industrial Loan Demand and Reported That Decreased Customer Merger or Acquisition Financing Needs Was a Very Important Reason
86091	1	Q		NSA	SUBLPDCIRWMNLGNQ	Number of Large Domestic Banks That Reported Weaker Commercial and Industrial Loan Demand and Reported That Decreased Customer Merger or Acquisition Financing Needs Was Not an Important Reason
86103	1	Q		NSA	SUBLPDCIRWPSLGNQ	Number of Large Domestic Banks That Reported Weaker Commercial and Industrial Loan Demand and Reported That Decreased Customers' Precautionary Demand for Cash and Liquidity Was a Somewhat Important Reason
86106	1	Q		NSA	SUBLPDCIRWPVLGNQ	Number of Large Domestic Banks That Reported Weaker Commercial and Industrial Loan Demand and Reported That Decreased Customers' Precautionary Demand for Cash and Liquidity Was a Very Important Reason
86100	1	Q		NSA	SUBLPDCIRWPNLGNQ	Number of Large Domestic Banks That Reported Weaker Commercial and Industrial Loan Demand and Reported That Decreased Customers' Precautionary Demand for Cash and Liquidity Was Not an Important Reason
86076	1	Q		NSA	SUBLPDCIRWGSLGNQ	Number of Large Domestic Banks That Reported Weaker Commercial and Industrial Loan Demand and Reported That Increased Customer Internally Generated Funds Was a Somewhat Important Reason
86079	1	Q		NSA	SUBLPDCIRWGVLGNQ	Number of Large Domestic Banks That Reported Weaker Commercial and Industrial Loan Demand and Reported That Increased Customer Internally Generated Funds Was a Very Important Reason
86073	1	Q		NSA	SUBLPDCIRWGNLGNQ	Number of Large Domestic Banks That Reported Weaker Commercial and Industrial Loan Demand and Reported That Increased Customer Internally Generated Funds Was Not an Important Reason
86022	1	Q		NSA	SUBLPDCIRTLSLGNQ	Number of Large Domestic Banks That Tightened and Reported That Current or Expected Liquidity Position Was a Somewhat Important Reason
86025	1	Q		NSA	SUBLPDCIRTLVLGNQ	Number of Large Domestic Banks That Tightened and Reported That Current or Expected Liquidity Position Was a Very Important Reason
86019	1	Q		NSA	SUBLPDCIRTLNLGNQ	Number of Large Domestic Banks That Tightened and Reported That Current or Expected Liquidity Position Was Not an Important Reason
86049	1	Q		NSA	SUBLPDCIRTSSLGNQ	Number of Large Domestic Banks That Tightened and Reported That Decreased Liquidity in the Secondary Market for These (Commercial and Industrial) Loans Was a Somewhat Important Reason
86052	1	Q		NSA	SUBLPDCIRTSVLGNQ	Number of Large Domestic Banks That Tightened and Reported That Decreased Liquidity in the Secondary Market for These (Commercial and Industrial) Loans Was a Very Important Reason
86046	1	Q		NSA	SUBLPDCIRTSNLGNQ	Number of Large Domestic Banks That Tightened and Reported That Decreased Liquidity in the Secondary Market for These (Commercial and Industrial) Loans Was Not an Important Reason
85986	1	Q		NSA	SUBLPDCIRTCSLGNQ	Number of Large Domestic Banks That Tightened and Reported That Deterioration in Current or Expected Capital Position Was a Somewhat Important Reason
85989	1	Q		NSA	SUBLPDCIRTCVLGNQ	Number of Large Domestic Banks That Tightened and Reported That Deterioration in Current or Expected Capital Position Was a Very Important Reason
85983	1	Q		NSA	SUBLPDCIRTCNLGNQ	Number of Large Domestic Banks That Tightened and Reported That Deterioration in Current or Expected Capital Position Was Not an Important Reason
85995	4	Q		NSA	SUBLPDCIRTDSLGNQ	Number of Large Domestic Banks That Tightened and Reported That Increase in Defaults by Borrowers in Public Debt Markets Was a Somewhat Important Reason
85998	1	Q		NSA	SUBLPDCIRTDVLGNQ	Number of Large Domestic Banks That Tightened and Reported That Increase in Defaults by Borrowers in Public Debt Markets Was a Very Important Reason
85992	1	Q		NSA	SUBLPDCIRTDNLGNQ	Number of Large Domestic Banks That Tightened and Reported That Increase in Defaults by Borrowers in Public Debt Markets Was Not an Important Reason
86031	1	Q		NSA	SUBLPDCIRTOSLGNQ	Number of Large Domestic Banks That Tightened and Reported That Less Favorable Economic Outlook Was a Somewhat Important Reason
86034	1	Q		NSA	SUBLPDCIRTOVLGNQ	Number of Large Domestic Banks That Tightened and Reported That Less Favorable Economic Outlook Was a Very Important Reason
86028	1	Q		NSA	SUBLPDCIRTONLGNQ	Number of Large Domestic Banks That Tightened and Reported That Less Favorable Economic Outlook Was Not an Important Reason
86040	1	Q		NSA	SUBLPDCIRTRSLGNQ	Number of Large Domestic Banks That Tightened and Reported That Reduced Tolerance for Risk Was a Somewhat Important Reason
86043	1	Q		NSA	SUBLPDCIRTRVLGNQ	Number of Large Domestic Banks That Tightened and Reported That Reduced Tolerance for Risk Was a Very Important Reason
86037	1	Q		NSA	SUBLPDCIRTRNLGNQ	Number of Large Domestic Banks That Tightened and Reported That Reduced Tolerance for Risk Was Not an Important Reason
86013	1	Q		NSA	SUBLPDCIRTISLGNQ	Number of Large Domestic Banks That Tightened and Reported That Worsening of Industry-Specific Problems Was a Somewhat Important Reason
86016	1	Q		NSA	SUBLPDCIRTIVLGNQ	Number of Large Domestic Banks That Tightened and Reported That Worsening of Industry-Specific Problems Was a Very Important Reason
86010	1	Q		NSA	SUBLPDCIRTINLGNQ	Number of Large Domestic Banks That Tightened and Reported That Worsening of Industry-Specific Problems Was Not an Important Reason
82716	2	W		NSA	MORTPTS1US	Origination Fees and Discount Points for 1-Year Adjustable Rate Mortgage in the United States (DISCONTINUED)
82715	3	W		NSA	MORTPTS15US	Origination Fees and Discount Points for 15-Year Fixed Rate Mortgage in the United States (DISCONTINUED)
82717	12	W		NSA	MORTPTS30US	Origination Fees and Discount Points for 30-Year Fixed Rate Mortgage in the United States (DISCONTINUED)
82718	3	W		NSA	MORTPTS5US	Origination Fees and Discount Points for 5/1-Year Adjustable Rate Mortgage in the United States (DISCONTINUED)
107915	1	A		NSA	IPUZNW000110000	Output per Worker for Private Nonfarm in the District of Columbia
82563	19	D		NSA	RIFSPPNA2P2D01NB	Overnight A2/P2 Nonfinancial Commercial Paper Interest Rate
82540	9	D		NSA	RIFSPPAAAD01NB	Overnight AA Asset-Backed Commercial Paper Interest Rate
82554	12	D		NSA	RIFSPPFAAD01NB	Overnight AA Financial Commercial Paper Interest Rate
82569	11	D		NSA	RIFSPPNAAD01NB	Overnight AA Nonfinancial Commercial Paper Interest Rate
82636	63	D		NSA	OBFR	Overnight Bank Funding Rate
82641	36	D		NSA	OBFRVOL	Overnight Bank Funding Volume
11626	1	W		NSA	PEUCCCPR	Pandemic Emergency Unemployment Compensation Continued Claims in Puerto Rico
11627	1	W		NSA	PEUCCCVI	Pandemic Emergency Unemployment Compensation Continued Claims in the U.S. Virgin Islands
11632	1	W		NSA	PUACCPR	Pandemic Unemployment Assistance Continued Claims in Puerto Rico
11633	1	W		NSA	PUACCVI	Pandemic Unemployment Assistance Continued Claims in the U.S. Virgin Islands
11634	2	W		NSA	PUAICPR	Pandemic Unemployment Assistance Initial Claims in Puerto Rico
11635	1	W		NSA	PUAICVI	Pandemic Unemployment Assistance Initial Claims in the U.S. Virgin Islands
138362	1	A		NSA	MPU5650012	Paper Products: Total Factor Productivity
79692	1	A		NSA	WTPRSBWCEOC4483	Participatory Recreational Services by Water Craft, Except Overnight Cruises With Cabin Accommodation for Water Transportation, All Establishments, Employer Firms
72068	1	A		NSA	CCRCAALFFTE496233	Patient Out-Of-Pocket From Patients and Their Families for Continuing Care Retirement Communities and Assisted Living Facilities for The Elderly, All Establishments, Employer Firms
75735	1	A		NSA	FPCPOFPATFA462141	Patient Out-Of-Pocket From Patients and Their Families for Family Planning Centers, All Establishments, Employer Firms
75925	1	A		NSA	HHCSPOFPATF46216	Patient Out-Of-Pocket From Patients and Their Families for Home Health Care Services, All Establishments, Employer Firms
76136	1	A		NSA	KDCPOFPATFA4621492	Patient Out-Of-Pocket From Patients and Their Families for Kidney Dialysis Centers, All Establishments, Employer Firms
76204	1	A		NSA	MADLPOFPATF46215	Patient Out-Of-Pocket From Patients and Their Families for Medical and Diagnostic Laboratories, All Establishments, Employer Firms
76273	1	A		NSA	NARCFPOFPAT4623	Patient Out-Of-Pocket From Patients and Their Families for Nursing and Residential Care Facilities, All Establishments, Employer Firms
76287	1	A		NSA	NCFNFPOFPA46231	Patient Out-Of-Pocket From Patients and Their Families for Nursing Care Facilities (Skilled Nursing Facilities), All Establishments, Employer Firms
76440	1	A		NSA	OOCPOFPATFA462131	Patient Out-Of-Pocket From Patients and Their Families for Offices of Chiropractors, All Establishments, Employer Firms
76463	1	A		NSA	OOMHPPPOFP462133	Patient Out-Of-Pocket From Patients and Their Families for Offices of Mental Health Practitioners (Except Physicians), All Establishments, Employer Firms
76485	1	A		NSA	OOOPOFPATFA462132	Patient Out-Of-Pocket From Patients and Their Families for Offices of Optometrists, All Establishments, Employer Firms
76532	1	A		NSA	OOPOASTAAPO462134	Patient Out-Of-Pocket From Patients and Their Families for Offices of Physical, Occupational and Speech Therapists, and Audiologists, All Establishments, Employer Firms
76518	1	A		NSA	OOPMHSPOFP4621111	Patient Out-Of-Pocket From Patients and Their Families for Offices of Physicians (Except Mental Health Specialists), All Establishments, Employer Firms
76537	1	A		NSA	OOPPOFPATFA416211	Patient Out-Of-Pocket From Patients and Their Families for Offices of Physicians, All Establishments, Employer Firms
76519	1	A		NSA	OOPMHSPOFPA4621112	Patient Out-Of-Pocket From Patients and Their Families for Offices of Physicians, Mental Health Specialists, All Establishments, Employer Firms
76538	1	A		NSA	OOPPOFPATFA42621391	Patient Out-Of-Pocket From Patients and Their Families for Offices of Podiatrists, All Establishments, Employer Firms
76377	1	A		NSA	OCCPOFPATFA46214	Patient Out-Of-Pocket From Patients and Their Families for Outpatient Care Centers, All Establishments, Employer Firms
76410	1	A		NSA	OMHASACPOFP462142	Patient Out-Of-Pocket From Patients and Their Families for Outpatient Mental Health and Substance Abuse Centers, All Establishments, Employer Firms
78980	1	A		NSA	RIADDMHASAF496232	Patient Out-Of-Pocket From Patients and Their Families for Residential Intellectual and Developmental Disability, Mental Health, and Substance Abuse Facilities, All Establishments, Employer Firms
79028	1	A		NSA	RPCPPBEF56133ALLEST	Payroll Services, Payroll and Benefit Services, Payroll and Human Resource Services for Professional Employer Organizations, All Establishments, Employer Firms
72200	1	A		NSA	DLICPAAUSF4524113	Pensions and Annuities Underwriting Services - Fees for Direct Life Insurance Carriers, All Establishments, Employer Firms
3629	17	A		NSA	GCT1502US	People 25 Years and Over Who Have Completed a Bachelor's Degree for the United States (DISCONTINUED)
3630	28	A		NSA	GCT1503US	People 25 Years and Over Who Have Completed an Advanced Degree for the United States (DISCONTINUED)
3628	8	A		NSA	GCT1501US	People 25 Years and Over Who Have Completed High School (Includes Equivalency) for the United States (DISCONTINUED)
145412	3	A		NSA	USPCEPC	Per Capita Personal Consumption Expenditures: Total for United States
3520	3	M		NSA	U1RATENSA	Percent of Civilian Labor Force Unemployed 15 Weeks and over (U-1)
136369	1	Q		NSA	EQAXDBNQ	Percent of Value of Loans Prime Based for All Commercial and Industry Loans, Domestic Banks (DISCONTINUED)
136660	1	Q		NSA	EQAXSLNQ	Percent of Value of Loans Prime Based for All Commercial and Industry Loans, Large Domestic Banks (DISCONTINUED)
136365	1	Q		NSA	EQALXDBNQ	Percent of Value of Loans Prime Based for All Commercial and Industry Loans, Low Risk, Domestic Banks (DISCONTINUED)
136656	1	Q		NSA	EQALXSLNQ	Percent of Value of Loans Prime Based for All Commercial and Industry Loans, Low Risk, Large Domestic Banks (DISCONTINUED)
136980	1	Q		NSA	EQALXSSNQ	Percent of Value of Loans Prime Based for All Commercial and Industry Loans, Low Risk, Small Domestic Banks (DISCONTINUED)
137299	1	Q		NSA	EQALXFBNQ	Percent of Value of Loans Prime Based for All Commercial and Industry Loans, Low Risk, U.S. Branches and Agencies of Foreign Banks (DISCONTINUED)
136367	1	Q		NSA	EQANXDBNQ	Percent of Value of Loans Prime Based for All Commercial and Industry Loans, Minimal Risk, Domestic Banks (DISCONTINUED)
136658	1	Q		NSA	EQANXSLNQ	Percent of Value of Loans Prime Based for All Commercial and Industry Loans, Minimal Risk, Large Domestic Banks (DISCONTINUED)
136982	1	Q		NSA	EQANXSSNQ	Percent of Value of Loans Prime Based for All Commercial and Industry Loans, Minimal Risk, Small Domestic Banks (DISCONTINUED)
137301	1	Q		NSA	EQANXFBNQ	Percent of Value of Loans Prime Based for All Commercial and Industry Loans, Minimal Risk, U.S. Branches and Agencies of Foreign Banks (DISCONTINUED)
136366	1	Q		NSA	EQAMXDBNQ	Percent of Value of Loans Prime Based for All Commercial and Industry Loans, Moderate Risk, Domestic Banks (DISCONTINUED)
136657	1	Q		NSA	EQAMXSLNQ	Percent of Value of Loans Prime Based for All Commercial and Industry Loans, Moderate Risk, Large Domestic Banks (DISCONTINUED)
136981	1	Q		NSA	EQAMXSSNQ	Percent of Value of Loans Prime Based for All Commercial and Industry Loans, Moderate Risk, Small Domestic Banks (DISCONTINUED)
137300	1	Q		NSA	EQAMXFBNQ	Percent of Value of Loans Prime Based for All Commercial and Industry Loans, Moderate Risk, U.S. Branches and Agencies of Foreign Banks (DISCONTINUED)
136984	1	Q		NSA	EQAXSSNQ	Percent of Value of Loans Prime Based for All Commercial and Industry Loans, Small Domestic Banks (DISCONTINUED)
137303	1	Q		NSA	EQAXFBNQ	Percent of Value of Loans Prime Based for All Commercial and Industry Loans, U.S. Branches and Agencies of Foreign Banks (DISCONTINUED)
136374	1	Q		NSA	ESAXDBNQ	Percent of Value of Loans Secured by Collateral for All Commercial and Industry Loans, Domestic Banks (DISCONTINUED)
136665	1	Q		NSA	ESAXSLNQ	Percent of Value of Loans Secured by Collateral for All Commercial and Industry Loans, Large Domestic Banks (DISCONTINUED)
136370	1	Q		NSA	ESALXDBNQ	Percent of Value of Loans Secured by Collateral for All Commercial and Industry Loans, Low Risk, Domestic Banks (DISCONTINUED)
136661	1	Q		NSA	ESALXSLNQ	Percent of Value of Loans Secured by Collateral for All Commercial and Industry Loans, Low Risk, Large Domestic Banks (DISCONTINUED)
136985	1	Q		NSA	ESALXSSNQ	Percent of Value of Loans Secured by Collateral for All Commercial and Industry Loans, Low Risk, Small Domestic Banks (DISCONTINUED)
137304	1	Q		NSA	ESALXFBNQ	Percent of Value of Loans Secured by Collateral for All Commercial and Industry Loans, Low Risk, U.S. Branches and Agencies of Foreign Banks (DISCONTINUED)
136372	1	Q		NSA	ESANXDBNQ	Percent of Value of Loans Secured by Collateral for All Commercial and Industry Loans, Minimal Risk, Domestic Banks (DISCONTINUED)
136663	1	Q		NSA	ESANXSLNQ	Percent of Value of Loans Secured by Collateral for All Commercial and Industry Loans, Minimal Risk, Large Domestic Banks (DISCONTINUED)
136987	1	Q		NSA	ESANXSSNQ	Percent of Value of Loans Secured by Collateral for All Commercial and Industry Loans, Minimal Risk, Small Domestic Banks (DISCONTINUED)
137306	1	Q		NSA	ESANXFBNQ	Percent of Value of Loans Secured by Collateral for All Commercial and Industry Loans, Minimal Risk, U.S. Branches and Agencies of Foreign Banks (DISCONTINUED)
136371	1	Q		NSA	ESAMXDBNQ	Percent of Value of Loans Secured by Collateral for All Commercial and Industry Loans, Moderate Risk, Domestic Banks (DISCONTINUED)
136662	1	Q		NSA	ESAMXSLNQ	Percent of Value of Loans Secured by Collateral for All Commercial and Industry Loans, Moderate Risk, Large Domestic Banks (DISCONTINUED)
136986	1	Q		NSA	ESAMXSSNQ	Percent of Value of Loans Secured by Collateral for All Commercial and Industry Loans, Moderate Risk, Small Domestic Banks (DISCONTINUED)
137305	1	Q		NSA	ESAMXFBNQ	Percent of Value of Loans Secured by Collateral for All Commercial and Industry Loans, Moderate Risk, U.S. Branches and Agencies of Foreign Banks (DISCONTINUED)
136989	1	Q		NSA	ESAXSSNQ	Percent of Value of Loans Secured by Collateral for All Commercial and Industry Loans, Small Domestic Banks (DISCONTINUED)
137308	1	Q		NSA	ESAXFBNQ	Percent of Value of Loans Secured by Collateral for All Commercial and Industry Loans, U.S. Branches and Agencies of Foreign Banks (DISCONTINUED)
136364	1	Q		NSA	EPAXDBNQ	Percent of Value of Loans Subject to Prepayment Penalty for All Commercial and Industry Loans, Domestic Banks (DISCONTINUED)
136655	1	Q		NSA	EPAXSLNQ	Percent of Value of Loans Subject to Prepayment Penalty for All Commercial and Industry Loans, Large Domestic Banks (DISCONTINUED)
136360	1	Q		NSA	EPALXDBNQ	Percent of Value of Loans Subject to Prepayment Penalty for All Commercial and Industry Loans, Low Risk, Domestic Banks (DISCONTINUED)
136651	1	Q		NSA	EPALXSLNQ	Percent of Value of Loans Subject to Prepayment Penalty for All Commercial and Industry Loans, Low Risk, Large Domestic Banks (DISCONTINUED)
136975	1	Q		NSA	EPALXSSNQ	Percent of Value of Loans Subject to Prepayment Penalty for All Commercial and Industry Loans, Low Risk, Small Domestic Banks (DISCONTINUED)
137294	1	Q		NSA	EPALXFBNQ	Percent of Value of Loans Subject to Prepayment Penalty for All Commercial and Industry Loans, Low Risk, U.S. Branches and Agencies of Foreign Banks (DISCONTINUED)
136362	1	Q		NSA	EPANXDBNQ	Percent of Value of Loans Subject to Prepayment Penalty for All Commercial and Industry Loans, Minimal Risk, Domestic Banks (DISCONTINUED)
136653	1	Q		NSA	EPANXSLNQ	Percent of Value of Loans Subject to Prepayment Penalty for All Commercial and Industry Loans, Minimal Risk, Large Domestic Banks (DISCONTINUED)
136977	1	Q		NSA	EPANXSSNQ	Percent of Value of Loans Subject to Prepayment Penalty for All Commercial and Industry Loans, Minimal Risk, Small Domestic Banks (DISCONTINUED)
137296	1	Q		NSA	EPANXFBNQ	Percent of Value of Loans Subject to Prepayment Penalty for All Commercial and Industry Loans, Minimal Risk, U.S. Branches and Agencies of Foreign Banks (DISCONTINUED)
136361	1	Q		NSA	EPAMXDBNQ	Percent of Value of Loans Subject to Prepayment Penalty for All Commercial and Industry Loans, Moderate Risk, Domestic Banks (DISCONTINUED)
136652	1	Q		NSA	EPAMXSLNQ	Percent of Value of Loans Subject to Prepayment Penalty for All Commercial and Industry Loans, Moderate Risk, Large Domestic Banks (DISCONTINUED)
136976	1	Q		NSA	EPAMXSSNQ	Percent of Value of Loans Subject to Prepayment Penalty for All Commercial and Industry Loans, Moderate Risk, Small Domestic Banks (DISCONTINUED)
137295	1	Q		NSA	EPAMXFBNQ	Percent of Value of Loans Subject to Prepayment Penalty for All Commercial and Industry Loans, Moderate Risk, U.S. Branches and Agencies of Foreign Banks (DISCONTINUED)
136979	1	Q		NSA	EPAXSSNQ	Percent of Value of Loans Subject to Prepayment Penalty for All Commercial and Industry Loans, Small Domestic Banks (DISCONTINUED)
137298	1	Q		NSA	EPAXFBNQ	Percent of Value of Loans Subject to Prepayment Penalty for All Commercial and Industry Loans, U.S. Branches and Agencies of Foreign Banks (DISCONTINUED)
76693	1	A		NSA	PPPSASAEEF451112	Periodicals - Subscriptions and Sales for Periodical Publishers, All Establishments, Employer Firms
108434	22	Q		NSA	NA000349Q	Personal Consumption Expenditures
145150	4	A		NSA	DPCCRC1A027NBEA	Personal consumption expenditures excluding food and energy
144765	2	A		NSA	DEXFRC1A027NBEA	Personal consumption expenditures in the United States by nonresidents
144657	14	A		NSA	A794RC0A052NBEA	Personal consumption expenditures per capita
145393	24	A		NSA	USPCE	Personal Consumption Expenditures: Total for United States
108499	1	A		NSA	W211RC1A027NBEA	Personal current transfer payments
108373	2	A		NSA	A577RC1A027NBEA	Personal current transfer receipts
108342	16	A		NSA	A065RC1A027NBEA	Personal income
108375	52	A		NSA	A792RC0A052NBEA	Personal income per capita
108496	2	A		NSA	W210RC1A027NBEA	Personal income receipts on assets
108379	3	A		NSA	B069RC1A027NBEA	Personal interest payments
108351	2	A		NSA	A068RC1A027NBEA	Personal outlays
108353	19	A		NSA	A071RC1A027NBEA	Personal saving
108354	13	A		NSA	A072RC1A156NBEA	Personal saving as a percentage of disposable personal income
143911	1	A		NSA	A4601C0A173NBEA	Persons engaged in production
138464	1	A		NSA	MPU5750012	Petroleum and Coal Products: Total Factor Productivity
14735	2	A		NSA	EMISSCO2VPCEIBA	Petroleum Coke Electric Power Sector Carbon Dioxide Emissions
14686	2	A		NSA	EMISSCO2TOTVECPEA	Petroleum Electric Power Sector Carbon Dioxide Emissions
14694	1	A		NSA	EMISSCO2TOTVRCPEA	Petroleum Residential Sector Carbon Dioxide Emissions
79726	5	M		NSA	PETROLEUM	Pipeline Petroleum Movement
138566	1	A		NSA	MPU5850012	Plastics and Rubber Products: Total Factor Productivity
11559	64	M		NSA	POPTHM	Population
3494	53	M		NSA	CNP16OV	Population Level
3319	36	M		NSA	STLPPM	Price Pressures Measure
137705	1	A		NSA	MPU5100012	Primary Metal Products: Total Factor Productivity
138413	1	A		NSA	MPU5700012	Printing and Related Support Activities: Total Factor Productivity
106439	21	A		NSA	MFPPBS	Private Business Sector: Total Factor Productivity
108431	7	Q		NSA	NA000337Q	Private Fixed Investment
141098	3	A		NSA	Y032RC1A027NBEA	Private fixed investment in equipment
139654	1	A		NSA	A327RC1A027NBEA	Private fixed investment in equipment and software (DISCONTINUED)
139783	1	A		NSA	AB76RC1A027NBEA	Private fixed investment in new autos and new light trucks
141104	1	A		NSA	Y035RC1A027NBEA	Private fixed investment in new equipment
139716	3	A		NSA	A763RC1A027NBEA	Private fixed investment in new equipment and software (DISCONTINUED)
140039	1	A		NSA	W040RC1A027NBEA	Private fixed investment in new structures
139660	1	A		NSA	A349RC1A027NBEA	Private fixed investment in structures
108184	31	A		NSA	MFPNFBS	Private Nonfarm Business Sector: Total Factor Productivity
108881	1	Q		NSA	PPFTMA	Private Pension Funds; Total Mortgages; Asset, Level
147762	1	M		NSA	WPU11490808	Producer Price Index by Commodity for Machinery and Equipment: Filters for Hydraulic Fluid Power Systems, Nonaerospace, and All Aerospace Filters (DISCONTINUED)
82501	78	M		NSA	PPIACO	Producer Price Index by Commodity: All Commodities
146963	47	M		NSA	WPU06790918	Producer Price Index by Commodity: Chemicals and Allied Products: Carbon Black, All Processes
146781	1	M		NSA	WPU062103012	Producer Price Index by Commodity: Chemicals and Allied Products: Special Purpose Coatings, Including All Marine Coatings and Traffic Marking Paints
147893	1	M		NSA	WPU11741101	Producer Price Index by Commodity: Machinery and Equipment: Commercial, Institutional and Industrial General-Purpose Transformers, All Voltages
147658	2	M		NSA	WPU11430312	Producer Price Index by Commodity: Machinery and Equipment: Non-Aerospace Hydraulic and All Aerospace-Type Fluid Power Cylinders
147971	4	M		NSA	WPU11790105	Producer Price Index by Commodity: Machinery and Equipment: Storage Batteries (Excluding Lead Acid), Including Parts for All Storage Batteries
147521	1	M		NSA	WPU112J010175	Producer Price Index by Commodity: Machinery and Equipment: Winches, All Types (Excluding Parts)
148430	1	M		NSA	WPU10610112	Producer Price Index by Commodity: Metals and Metal Products: Steel Heating Boilers (15 PSI or Less) and All Hot Water Heating Boilers (Except Parts)
148639	1	M		NSA	WPU07120131	Producer Price Index by Commodity: Rubber and Plastic Products: All Solid and Semi-Pneumatic Tires
148859	1	M		NSA	WPU034702	Producer Price Index by Commodity: Textile Products and Apparel: Lace and Net Goods, All Leavers and Nottingham Lace Machine Products, Including Bobbinets/Barmen Laces (DISCONTINUED)
151365	29	M		NSA	PCU3255203255204	Producer Price Index by Industry: Adhesive Manufacturing: Synthetic Resin and Rubber Adhesives, Including All Types of Bonding and Laminating Adhesives
152675	4	M		NSA	PCU333415333415A	Producer Price Index by Industry: Air-Conditioning, Refrigeration, and Forced Air Heating Equipment Manufacturing: Compressors and Compressor Units, All Refrigerants, Except Automotive
152672	10	M		NSA	PCU3334153334155	Producer Price Index by Industry: Air-Conditioning, Refrigeration, and Forced Air Heating Equipment Manufacturing: Refrigeration Condensing Units, All Refrigerants, Except Ammonia (Complete)
149985	2	M		NSA	PCU311611311611A	Producer Price Index by Industry: Animal, Except Poultry, Slaughtering: Pork, Fresh/Frozen, Unprocessed, All Cuts, Except Sausage, Made in Slaughtering Plants
153245	2	M		NSA	PCU335311335311G	Producer Price Index by Industry: Electric Power and Specialty Transformer Manufacturing: Commercial, Institutional and Industrial General-Purpose Transformers, All Voltages
153242	1	M		NSA	PCU3353113353117Z	Producer Price Index by Industry: Electric Power and Specialty Transformer Manufacturing: Commercial, Institutional and Industrial General-Purpose Transformers, All Voltages (DISCONTINUED)
152899	10	M		NSA	PCU3339953339952	Producer Price Index by Industry: Fluid Power Cylinder and Actuator Manufacturing: Nonaerospace-Type Hydraulic and All Aerospace Fluid Power Cylinders and Actuators, Linear and Rotary
151817	7	M		NSA	PCU32799232799204	Producer Price Index by Industry: Ground or Treated Mineral and Earths Manufacturing: Treated Lightweight Aggregate and Crushed Slag, Minerals and Earths
152660	1	M		NSA	PCU3334143334145	Producer Price Index by Industry: Heating Equipment (Except Warm Air Furnaces) Manufacturing: Steel Heating Boilers (15 PSI or Less) and All Hot Water Heating Boilers (Except Parts)
152353	4	M		NSA	PCU332911332911Q	Producer Price Index by Industry: Industrial Valve Manufacturing: Industrial Ball Valves (All Metals, Pressures, and Types), Including Manual and Power Operated
152343	1	M		NSA	PCU3329113329115Z	Producer Price Index by Industry: Industrial Valve Manufacturing: Industrial Ball Valves (All Metals, Pressures, and Types), Including Manual and Power Operated (DISCONTINUED)
152354	1	M		NSA	PCU332911332911R	Producer Price Index by Industry: Industrial Valve Manufacturing: Industrial Butterfly Valves (All Metals, Pressures, and Types), Including Manual and Power Operated
152344	1	M		NSA	PCU3329113329117Z	Producer Price Index by Industry: Industrial Valve Manufacturing: Industrial Butterfly Valves (All Metals, Pressures, and Types), Including Manual and Power Operated (DISCONTINUED)
152356	1	M		NSA	PCU332911332911T	Producer Price Index by Industry: Industrial Valve Manufacturing: Industrial Plug Valves (All Metals, Pressures, and Types)
152345	1	M		NSA	PCU3329113329119Z	Producer Price Index by Industry: Industrial Valve Manufacturing: Industrial Plug Valves (All Metals, Pressures, and Types) (DISCONTINUED)
151986	1	M		NSA	PCU331511331511B	Producer Price Index by Industry: Iron Foundries: Cast Iron Pressure and Soil Pipe and Fittings, All Sizes
151984	1	M		NSA	PCU3315113315117	Producer Price Index by Industry: Iron Foundries: Cast Iron Soil Pipe and Fittings, All Sizes
150374	1	M		NSA	PCU31324031324045	Producer Price Index by Industry: Knit Fabric Mills: Lace and Net Goods, All Leavers and Nottingham Lace Machine Products, Including Bobbinets/Barmen Laces
150785	7	M		NSA	PCU3219913219911	Producer Price Index by Industry: Manufactured Home, Mobile Home, Manufacturing: Manufactured Homes (Mobile Homes), All Width Sizes (Including Multisection)
153413	1	M		NSA	PCU33631033631011	Producer Price Index by Industry: Motor Vehicle Gasoline Engine and Engine Parts Manufacturing: Carburetors, New and Rebuilt (All Types)
153600	1	M		NSA	PCU33699133699142	Producer Price Index by Industry: Motorcycle, Bicycle, and Parts Manufacturing: Cycles, All Types, Tubular Construction
153596	1	M		NSA	PCU3369913369912Z102	Producer Price Index by Industry: Motorcycle, Bicycle, and Parts Manufacturing: Cycles, All Types, Tubular Construction (DISCONTINUED)
152836	1	M		NSA	PCU33392333392311	Producer Price Index by Industry: Overhead Cranes, Hoists and Monorail Systems Manufacturing: Hoists, All Types
151355	5	M		NSA	PCU32551032551072	Producer Price Index by Industry: Paint and Coating Manufacturing: Special Purpose Coatings, Including All Marine Coatings and Traffic Marking Paints
150906	1	M		NSA	PCU322220322220432	Producer Price Index by Industry: Paper Bag and Coated and Treated Paper Manufacturing: Multiwall (Three-Ply or More) Shipping Sacks and Bags, All Materials, Except Textiles (DISCONTINUED)
150914	1	M		NSA	PCU322220322220E	Producer Price Index by Industry: Paper Bag and Coated and Treated Paper Manufacturing: Shipping Sacks and Multiwall Bags, All Materials, Except Textiles
150904	1	M		NSA	PCU32222032222043	Producer Price Index by Industry: Paper Bag and Coated and Treated Paper Manufacturing: Shipping Sacks and Multiwall Bags, All Materials, Except Textiles (DISCONTINUED)
150905	1	M		NSA	PCU322220322220431	Producer Price Index by Industry: Paper Bag and Coated and Treated Paper Manufacturing: Single and Double Wall Shipping Sacks and Bags, All Materials, Except Textiles (DISCONTINUED)
150937	1	M		NSA	PCU3222303222305	Producer Price Index by Industry: Stationery Product Manufacturing: Envelopes, Commercial, All Types and Materials
153289	1	M		NSA	PCU3359113359117	Producer Price Index by Industry: Storage Battery Manufacturing: Storage Batteries (Except Lead Acid), Including Parts for All Storage Batteries (DISCONTINUED)
153260	3	M		NSA	PCU3353133353131Z	Producer Price Index by Industry: Switchgear and Switchboard Apparatus Manufacturing: Power Circuit Breakers, All Voltages (DISCONTINUED)
82499	69	M		NSA	PCUOMFGOMFG	Producer Price Index by Industry: Total Manufacturing Industries
82500	26	M		NSA	PCUOMINOMIN	Producer Price Index by Industry: Total Mining Industries
82490	22	M		NSA	PCUAMUMAMUM	Producer Price Index by Industry: Total Mining, Utilities, and Manufacturing Industries
82491	23	M		NSA	PCUARETTRARETTR	Producer Price Index by Industry: Total Retail Trade Industries
82494	12	M		NSA	PCUATRADEATRADE	Producer Price Index by Industry: Total Trade Industries
82498	31	M		NSA	PCUAWHLTRAWHLTR	Producer Price Index by Industry: Total Wholesale Trade Industries
149678	1	M		NSA	PCU5173115173114	Producer Price Index by Industry: Wired Telecommunications Carriers: All-Distance Telephone Service
149652	1	M		NSA	PCU5171105171104	Producer Price Index by Industry: Wired Telecommunications Carriers: All-Distance Telephone Service (DISCONTINUED)
149680	1	M		NSA	PCU517311517311402	Producer Price Index by Industry: Wired Telecommunications Carriers: Business All-Distance Telephone Service
149679	1	M		NSA	PCU517311517311401	Producer Price Index by Industry: Wired Telecommunications Carriers: Residential All-Distance Telephone Service
75192	1	A		NSA	EXPPPCEF5171ALLEST	Program and Production Costs for Wired Telecommunications Carriers, All Establishments, Employer Firms
146355	2	A		NSA	A041RC1A027NBEA	Proprietors' income with inventory valuation and capital consumption adjustments
79740	23	M		NSA	TRANSIT	Public Transit Ridership
27007	16	M		NSA	HPIPONM226N	Purchase Only House Price Index for the United States
75286	1	A		NSA	EXPPSREF5112ALLEST	Purchased Software Reproduction for Software Publishers, All Establishments, Employer Firms
134739	1	Q		NSA	USQATA	Quarterly Average of Total Assets for Commercial Banks in United States (DISCONTINUED)
85764	1	Q		NSA	TOTASSETUS	Quarterly Average of Total Assets for Commercial Banks with Assets under $5B in United States (DISCONTINUED)
85765	1	Q		NSA	TOTLOANUS	Quarterly Average of Total Loans for Commercial Banks with Assets under $5B in United States (DISCONTINUED)
83992	1	Q		NSA	QFR223386USNO	Quarterly Financial Report: U.S. Corporations: Aerospace Products and Parts: Total Assets
85394	1	Q		NSA	QFRTCASH386USNO	Quarterly Financial Report: U.S. Corporations: Aerospace Products and Parts: Total Cash on Hand and in U.S. Banks
85292	1	Q		NSA	QFRTCA386USNO	Quarterly Financial Report: U.S. Corporations: Aerospace Products and Parts: Total Current Assets
85448	1	Q		NSA	QFRTCL386USNO	Quarterly Financial Report: U.S. Corporations: Aerospace Products and Parts: Total Current Liabilities
85500	1	Q		NSA	QFRTL386USNO	Quarterly Financial Report: U.S. Corporations: Aerospace Products and Parts: Total Liabilities
84408	1	Q		NSA	QFR328386USNO	Quarterly Financial Report: U.S. Corporations: Aerospace Products and Parts: Total Liabilities and Stockholders' Equity
83593	1	Q		NSA	QFR201DURUSNO	Quarterly Financial Report: U.S. Corporations: All Durable Manufacturing: Cash and Demand Deposits in the U.S.
83541	1	Q		NSA	QFR120DURUSNO	Quarterly Financial Report: U.S. Corporations: All Durable Manufacturing: Cash Dividends Charged to Retained Earnings This Quarter
84165	1	Q		NSA	QFR310DURUSNO	Quarterly Financial Report: U.S. Corporations: All Durable Manufacturing: Current Portion of Long-Term Debt, Due in 1 Year or Less: Loans from Banks
83489	1	Q		NSA	QFR115DURUSNO	Quarterly Financial Report: U.S. Corporations: All Durable Manufacturing: Income (Loss) After Income Taxes
83437	1	Q		NSA	QFR111DURUSNO	Quarterly Financial Report: U.S. Corporations: All Durable Manufacturing: Income (Loss) Before Income Taxes
83333	1	Q		NSA	QFR104DURUSNO	Quarterly Financial Report: U.S. Corporations: All Durable Manufacturing: Income (Loss) from Operations
84945	1	Q		NSA	QFRD309DURUSNO	Quarterly Financial Report: U.S. Corporations: All Durable Manufacturing: Income Taxes Accrued, Prior and Current Years, Net of Payments
83697	1	Q		NSA	QFR214DURUSNO	Quarterly Financial Report: U.S. Corporations: All Durable Manufacturing: Inventories
83853	1	Q		NSA	QFR217DURUSNO	Quarterly Financial Report: U.S. Corporations: All Durable Manufacturing: Land and Mineral Rights
84217	1	Q		NSA	QFR316DURUSNO	Quarterly Financial Report: U.S. Corporations: All Durable Manufacturing: Long-Term Debt, Due in More Than 1 Year: Loans from Banks
85205	1	Q		NSA	QFRNIRBDURUSNO	Quarterly Financial Report: U.S. Corporations: All Durable Manufacturing: Net Income Retained in Business
83957	1	Q		NSA	QFR219DURUSNO	Quarterly Financial Report: U.S. Corporations: All Durable Manufacturing: Net Property, Plant, and Equipment
83177	1	Q		NSA	QFR101DURUSNO	Quarterly Financial Report: U.S. Corporations: All Durable Manufacturing: Net Sales, Receipts, and Operating Revenues
85257	1	Q		NSA	QFRNWCDURUSNO	Quarterly Financial Report: U.S. Corporations: All Durable Manufacturing: Net Working Capital
83801	1	Q		NSA	QFR216DURUSNO	Quarterly Financial Report: U.S. Corporations: All Durable Manufacturing: Property, Plant, and Equipment
84529	1	Q		NSA	QFRD114DURUSNO	Quarterly Financial Report: U.S. Corporations: All Durable Manufacturing: Provision for Current and Deferred Domestic Income Taxes
84321	1	Q		NSA	QFR322DURUSNO	Quarterly Financial Report: U.S. Corporations: All Durable Manufacturing: Retained Earnings
84581	1	Q		NSA	QFRD119DURUSNO	Quarterly Financial Report: U.S. Corporations: All Durable Manufacturing: Retained Earnings at Beginning of Quarter
84685	1	Q		NSA	QFRD123DURUSNO	Quarterly Financial Report: U.S. Corporations: All Durable Manufacturing: Retained Earnings at End of Quarter
84061	1	Q		NSA	QFR301DURUSNO	Quarterly Financial Report: U.S. Corporations: All Durable Manufacturing: Short-Term Debt, Original Maturity of 1 Year or Less: Loans from Banks
84373	1	Q		NSA	QFR327DURUSNO	Quarterly Financial Report: U.S. Corporations: All Durable Manufacturing: Stockholders' Equity
83645	1	Q		NSA	QFR202DURUSNO	Quarterly Financial Report: U.S. Corporations: All Durable Manufacturing: Time Deposits in the U.S., Including Negotiable Certificates of Deposit
84009	1	Q		NSA	QFR223DURUSNO	Quarterly Financial Report: U.S. Corporations: All Durable Manufacturing: Total Assets
85411	1	Q		NSA	QFRTCASHDURUSNO	Quarterly Financial Report: U.S. Corporations: All Durable Manufacturing: Total Cash on Hand and in U.S. Banks
85309	1	Q		NSA	QFRTCADURUSNO	Quarterly Financial Report: U.S. Corporations: All Durable Manufacturing: Total Current Assets
85465	1	Q		NSA	QFRTCLDURUSNO	Quarterly Financial Report: U.S. Corporations: All Durable Manufacturing: Total Current Liabilities
85517	1	Q		NSA	QFRTLDURUSNO	Quarterly Financial Report: U.S. Corporations: All Durable Manufacturing: Total Liabilities
84425	1	Q		NSA	QFR328DURUSNO	Quarterly Financial Report: U.S. Corporations: All Durable Manufacturing: Total Liabilities and Stockholders' Equity
84113	1	Q		NSA	QFR306DURUSNO	Quarterly Financial Report: U.S. Corporations: All Durable Manufacturing: Trade Accounts and Trade Notes Payable
84789	1	Q		NSA	QFRD213DURUSNO	Quarterly Financial Report: U.S. Corporations: All Durable Manufacturing: Trade Accounts and Trade Notes Receivable (Less Allowance for Doubtful Accounts)
83594	5	Q		NSA	QFR201INFUSNO	Quarterly Financial Report: U.S. Corporations: All Information: Cash and Demand Deposits in the U.S.
83542	1	Q		NSA	QFR120INFUSNO	Quarterly Financial Report: U.S. Corporations: All Information: Cash Dividends Charged to Retained Earnings This Quarter
84166	1	Q		NSA	QFR310INFUSNO	Quarterly Financial Report: U.S. Corporations: All Information: Current Portion of Long-Term Debt, Due in 1 Year or Less: Loans from Banks
83490	1	Q		NSA	QFR115INFUSNO	Quarterly Financial Report: U.S. Corporations: All Information: Income (Loss) After Income Taxes
83438	1	Q		NSA	QFR111INFUSNO	Quarterly Financial Report: U.S. Corporations: All Information: Income (Loss) Before Income Taxes
83334	1	Q		NSA	QFR104INFUSNO	Quarterly Financial Report: U.S. Corporations: All Information: Income (Loss) from Operations
84946	1	Q		NSA	QFRD309INFUSNO	Quarterly Financial Report: U.S. Corporations: All Information: Income Taxes Accrued, Prior and Current Years, Net of Payments
83698	1	Q		NSA	QFR214INFUSNO	Quarterly Financial Report: U.S. Corporations: All Information: Inventories
83854	1	Q		NSA	QFR217INFUSNO	Quarterly Financial Report: U.S. Corporations: All Information: Land and Mineral Rights
84218	4	Q		NSA	QFR316INFUSNO	Quarterly Financial Report: U.S. Corporations: All Information: Long-Term Debt, Due in More Than 1 Year: Loans from Banks
85206	1	Q		NSA	QFRNIRBINFUSNO	Quarterly Financial Report: U.S. Corporations: All Information: Net Income Retained in Business
83958	2	Q		NSA	QFR219INFUSNO	Quarterly Financial Report: U.S. Corporations: All Information: Net Property, Plant, and Equipment
83178	10	Q		NSA	QFR101INFUSNO	Quarterly Financial Report: U.S. Corporations: All Information: Net Sales, Receipts, and Operating Revenues
85258	1	Q		NSA	QFRNWCINFUSNO	Quarterly Financial Report: U.S. Corporations: All Information: Net Working Capital
83802	3	Q		NSA	QFR216INFUSNO	Quarterly Financial Report: U.S. Corporations: All Information: Property, Plant, and Equipment
84530	1	Q		NSA	QFRD114INFUSNO	Quarterly Financial Report: U.S. Corporations: All Information: Provision for Current and Deferred Domestic Income Taxes
84322	28	Q		NSA	QFR322INFUSNO	Quarterly Financial Report: U.S. Corporations: All Information: Retained Earnings
84582	1	Q		NSA	QFRD119INFUSNO	Quarterly Financial Report: U.S. Corporations: All Information: Retained Earnings at Beginning of Quarter
84686	3	Q		NSA	QFRD123INFUSNO	Quarterly Financial Report: U.S. Corporations: All Information: Retained Earnings at End of Quarter
84062	1	Q		NSA	QFR301INFUSNO	Quarterly Financial Report: U.S. Corporations: All Information: Short-Term Debt, Original Maturity of 1 Year or Less: Loans from Banks
84374	1	Q		NSA	QFR327INFUSNO	Quarterly Financial Report: U.S. Corporations: All Information: Stockholders' Equity
83646	1	Q		NSA	QFR202INFUSNO	Quarterly Financial Report: U.S. Corporations: All Information: Time Deposits in the U.S., Including Negotiable Certificates of Deposit
84010	1	Q		NSA	QFR223INFUSNO	Quarterly Financial Report: U.S. Corporations: All Information: Total Assets
85412	28	Q		NSA	QFRTCASHINFUSNO	Quarterly Financial Report: U.S. Corporations: All Information: Total Cash on Hand and in U.S. Banks
85310	1	Q		NSA	QFRTCAINFUSNO	Quarterly Financial Report: U.S. Corporations: All Information: Total Current Assets
85466	1	Q		NSA	QFRTCLINFUSNO	Quarterly Financial Report: U.S. Corporations: All Information: Total Current Liabilities
85518	1	Q		NSA	QFRTLINFUSNO	Quarterly Financial Report: U.S. Corporations: All Information: Total Liabilities
84426	1	Q		NSA	QFR328INFUSNO	Quarterly Financial Report: U.S. Corporations: All Information: Total Liabilities and Stockholders' Equity
84114	1	Q		NSA	QFR306INFUSNO	Quarterly Financial Report: U.S. Corporations: All Information: Trade Accounts and Trade Notes Payable
84790	1	Q		NSA	QFRD213INFUSNO	Quarterly Financial Report: U.S. Corporations: All Information: Trade Accounts and Trade Notes Receivable (Less Allowance for Doubtful Accounts)
83595	1	Q		NSA	QFR201MFGUSNO	Quarterly Financial Report: U.S. Corporations: All Manufacturing: Cash and Demand Deposits in the U.S.
83543	1	Q		NSA	QFR120MFGUSNO	Quarterly Financial Report: U.S. Corporations: All Manufacturing: Cash Dividends Charged to Retained Earnings This Quarter
84167	1	Q		NSA	QFR310MFGUSNO	Quarterly Financial Report: U.S. Corporations: All Manufacturing: Current Portion of Long-Term Debt, Due in 1 Year or Less: Loans from Banks
83491	2	Q		NSA	QFR115MFGUSNO	Quarterly Financial Report: U.S. Corporations: All Manufacturing: Income (Loss) After Income Taxes
83439	1	Q		NSA	QFR111MFGUSNO	Quarterly Financial Report: U.S. Corporations: All Manufacturing: Income (Loss) Before Income Taxes
83335	3	Q		NSA	QFR104MFGUSNO	Quarterly Financial Report: U.S. Corporations: All Manufacturing: Income (Loss) from Operations
84947	1	Q		NSA	QFRD309MFGUSNO	Quarterly Financial Report: U.S. Corporations: All Manufacturing: Income Taxes Accrued, Prior and Current Years, Net of Payments
83699	1	Q		NSA	QFR214MFGUSNO	Quarterly Financial Report: U.S. Corporations: All Manufacturing: Inventories
83855	1	Q		NSA	QFR217MFGUSNO	Quarterly Financial Report: U.S. Corporations: All Manufacturing: Land and Mineral Rights
84219	2	Q		NSA	QFR316MFGUSNO	Quarterly Financial Report: U.S. Corporations: All Manufacturing: Long-Term Debt, Due in More Than 1 Year: Loans from Banks
85207	1	Q		NSA	QFRNIRBMFGUSNO	Quarterly Financial Report: U.S. Corporations: All Manufacturing: Net Income Retained in Business
83959	3	Q		NSA	QFR219MFGUSNO	Quarterly Financial Report: U.S. Corporations: All Manufacturing: Net Property, Plant, and Equipment
83179	11	Q		NSA	QFR101MFGUSNO	Quarterly Financial Report: U.S. Corporations: All Manufacturing: Net Sales, Receipts, and Operating Revenues
85259	3	Q		NSA	QFRNWCMFGUSNO	Quarterly Financial Report: U.S. Corporations: All Manufacturing: Net Working Capital
83803	3	Q		NSA	QFR216MFGUSNO	Quarterly Financial Report: U.S. Corporations: All Manufacturing: Property, Plant, and Equipment
84531	1	Q		NSA	QFRD114MFGUSNO	Quarterly Financial Report: U.S. Corporations: All Manufacturing: Provision for Current and Deferred Domestic Income Taxes
84323	4	Q		NSA	QFR322MFGUSNO	Quarterly Financial Report: U.S. Corporations: All Manufacturing: Retained Earnings
84583	1	Q		NSA	QFRD119MFGUSNO	Quarterly Financial Report: U.S. Corporations: All Manufacturing: Retained Earnings at Beginning of Quarter
84687	1	Q		NSA	QFRD123MFGUSNO	Quarterly Financial Report: U.S. Corporations: All Manufacturing: Retained Earnings at End of Quarter
84063	4	Q		NSA	QFR301MFGUSNO	Quarterly Financial Report: U.S. Corporations: All Manufacturing: Short-Term Debt, Original Maturity of 1 Year or Less: Loans from Banks
84375	1	Q		NSA	QFR327MFGUSNO	Quarterly Financial Report: U.S. Corporations: All Manufacturing: Stockholders' Equity
83647	1	Q		NSA	QFR202MFGUSNO	Quarterly Financial Report: U.S. Corporations: All Manufacturing: Time Deposits in the U.S., Including Negotiable Certificates of Deposit
84011	4	Q		NSA	QFR223MFGUSNO	Quarterly Financial Report: U.S. Corporations: All Manufacturing: Total Assets
85413	5	Q		NSA	QFRTCASHMFGUSNO	Quarterly Financial Report: U.S. Corporations: All Manufacturing: Total Cash on Hand and in U.S. Banks
85311	2	Q		NSA	QFRTCAMFGUSNO	Quarterly Financial Report: U.S. Corporations: All Manufacturing: Total Current Assets
85467	1	Q		NSA	QFRTCLMFGUSNO	Quarterly Financial Report: U.S. Corporations: All Manufacturing: Total Current Liabilities
85519	1	Q		NSA	QFRTLMFGUSNO	Quarterly Financial Report: U.S. Corporations: All Manufacturing: Total Liabilities
84427	1	Q		NSA	QFR328MFGUSNO	Quarterly Financial Report: U.S. Corporations: All Manufacturing: Total Liabilities and Stockholders' Equity
84115	1	Q		NSA	QFR306MFGUSNO	Quarterly Financial Report: U.S. Corporations: All Manufacturing: Trade Accounts and Trade Notes Payable
84791	1	Q		NSA	QFRD213MFGUSNO	Quarterly Financial Report: U.S. Corporations: All Manufacturing: Trade Accounts and Trade Notes Receivable (Less Allowance for Doubtful Accounts)
83596	1	Q		NSA	QFR201MINUSNO	Quarterly Financial Report: U.S. Corporations: All Mining: Cash and Demand Deposits in the U.S.
83544	1	Q		NSA	QFR120MINUSNO	Quarterly Financial Report: U.S. Corporations: All Mining: Cash Dividends Charged to Retained Earnings This Quarter
84168	1	Q		NSA	QFR310MINUSNO	Quarterly Financial Report: U.S. Corporations: All Mining: Current Portion of Long-Term Debt, Due in 1 Year or Less: Loans from Banks
83492	1	Q		NSA	QFR115MINUSNO	Quarterly Financial Report: U.S. Corporations: All Mining: Income (Loss) After Income Taxes
83440	1	Q		NSA	QFR111MINUSNO	Quarterly Financial Report: U.S. Corporations: All Mining: Income (Loss) Before Income Taxes
83336	1	Q		NSA	QFR104MINUSNO	Quarterly Financial Report: U.S. Corporations: All Mining: Income (Loss) from Operations
84948	1	Q		NSA	QFRD309MINUSNO	Quarterly Financial Report: U.S. Corporations: All Mining: Income Taxes Accrued, Prior and Current Years, Net of Payments
83700	1	Q		NSA	QFR214MINUSNO	Quarterly Financial Report: U.S. Corporations: All Mining: Inventories
83856	1	Q		NSA	QFR217MINUSNO	Quarterly Financial Report: U.S. Corporations: All Mining: Land and Mineral Rights
84220	1	Q		NSA	QFR316MINUSNO	Quarterly Financial Report: U.S. Corporations: All Mining: Long-Term Debt, Due in More Than 1 Year: Loans from Banks
85208	1	Q		NSA	QFRNIRBMINUSNO	Quarterly Financial Report: U.S. Corporations: All Mining: Net Income Retained in Business
83960	1	Q		NSA	QFR219MINUSNO	Quarterly Financial Report: U.S. Corporations: All Mining: Net Property, Plant, and Equipment
83180	1	Q		NSA	QFR101MINUSNO	Quarterly Financial Report: U.S. Corporations: All Mining: Net Sales, Receipts, and Operating Revenues
85260	1	Q		NSA	QFRNWCMINUSNO	Quarterly Financial Report: U.S. Corporations: All Mining: Net Working Capital
83804	1	Q		NSA	QFR216MINUSNO	Quarterly Financial Report: U.S. Corporations: All Mining: Property, Plant, and Equipment
84532	1	Q		NSA	QFRD114MINUSNO	Quarterly Financial Report: U.S. Corporations: All Mining: Provision for Current and Deferred Domestic Income Taxes
84324	1	Q		NSA	QFR322MINUSNO	Quarterly Financial Report: U.S. Corporations: All Mining: Retained Earnings
84584	1	Q		NSA	QFRD119MINUSNO	Quarterly Financial Report: U.S. Corporations: All Mining: Retained Earnings at Beginning of Quarter
84688	1	Q		NSA	QFRD123MINUSNO	Quarterly Financial Report: U.S. Corporations: All Mining: Retained Earnings at End of Quarter
84064	1	Q		NSA	QFR301MINUSNO	Quarterly Financial Report: U.S. Corporations: All Mining: Short-Term Debt, Original Maturity of 1 Year or Less: Loans from Banks
84376	1	Q		NSA	QFR327MINUSNO	Quarterly Financial Report: U.S. Corporations: All Mining: Stockholders' Equity
83648	1	Q		NSA	QFR202MINUSNO	Quarterly Financial Report: U.S. Corporations: All Mining: Time Deposits in the U.S., Including Negotiable Certificates of Deposit
84012	1	Q		NSA	QFR223MINUSNO	Quarterly Financial Report: U.S. Corporations: All Mining: Total Assets
85414	1	Q		NSA	QFRTCASHMINUSNO	Quarterly Financial Report: U.S. Corporations: All Mining: Total Cash on Hand and in U.S. Banks
85312	1	Q		NSA	QFRTCAMINUSNO	Quarterly Financial Report: U.S. Corporations: All Mining: Total Current Assets
85468	1	Q		NSA	QFRTCLMINUSNO	Quarterly Financial Report: U.S. Corporations: All Mining: Total Current Liabilities
85520	1	Q		NSA	QFRTLMINUSNO	Quarterly Financial Report: U.S. Corporations: All Mining: Total Liabilities
84428	1	Q		NSA	QFR328MINUSNO	Quarterly Financial Report: U.S. Corporations: All Mining: Total Liabilities and Stockholders' Equity
84116	1	Q		NSA	QFR306MINUSNO	Quarterly Financial Report: U.S. Corporations: All Mining: Trade Accounts and Trade Notes Payable
84792	1	Q		NSA	QFRD213MINUSNO	Quarterly Financial Report: U.S. Corporations: All Mining: Trade Accounts and Trade Notes Receivable (Less Allowance for Doubtful Accounts)
83597	1	Q		NSA	QFR201NDUUSNO	Quarterly Financial Report: U.S. Corporations: All Nondurable Manufacturing: Cash and Demand Deposits in the U.S.
83545	1	Q		NSA	QFR120NDUUSNO	Quarterly Financial Report: U.S. Corporations: All Nondurable Manufacturing: Cash Dividends Charged to Retained Earnings This Quarter
84169	1	Q		NSA	QFR310NDUUSNO	Quarterly Financial Report: U.S. Corporations: All Nondurable Manufacturing: Current Portion of Long-Term Debt, Due in 1 Year or Less: Loans from Banks
83493	1	Q		NSA	QFR115NDUUSNO	Quarterly Financial Report: U.S. Corporations: All Nondurable Manufacturing: Income (Loss) After Income Taxes
83441	1	Q		NSA	QFR111NDUUSNO	Quarterly Financial Report: U.S. Corporations: All Nondurable Manufacturing: Income (Loss) Before Income Taxes
83337	1	Q		NSA	QFR104NDUUSNO	Quarterly Financial Report: U.S. Corporations: All Nondurable Manufacturing: Income (Loss) from Operations
84949	1	Q		NSA	QFRD309NDUUSNO	Quarterly Financial Report: U.S. Corporations: All Nondurable Manufacturing: Income Taxes Accrued, Prior and Current Years, Net of Payments
83701	1	Q		NSA	QFR214NDUUSNO	Quarterly Financial Report: U.S. Corporations: All Nondurable Manufacturing: Inventories
83857	1	Q		NSA	QFR217NDUUSNO	Quarterly Financial Report: U.S. Corporations: All Nondurable Manufacturing: Land and Mineral Rights
84221	1	Q		NSA	QFR316NDUUSNO	Quarterly Financial Report: U.S. Corporations: All Nondurable Manufacturing: Long-Term Debt, Due in More Than 1 Year: Loans from Banks
85209	1	Q		NSA	QFRNIRBNDUUSNO	Quarterly Financial Report: U.S. Corporations: All Nondurable Manufacturing: Net Income Retained in Business
83961	1	Q		NSA	QFR219NDUUSNO	Quarterly Financial Report: U.S. Corporations: All Nondurable Manufacturing: Net Property, Plant, and Equipment
83181	1	Q		NSA	QFR101NDUUSNO	Quarterly Financial Report: U.S. Corporations: All Nondurable Manufacturing: Net Sales, Receipts, and Operating Revenues
85261	1	Q		NSA	QFRNWCNDUUSNO	Quarterly Financial Report: U.S. Corporations: All Nondurable Manufacturing: Net Working Capital
83805	1	Q		NSA	QFR216NDUUSNO	Quarterly Financial Report: U.S. Corporations: All Nondurable Manufacturing: Property, Plant, and Equipment
84533	1	Q		NSA	QFRD114NDUUSNO	Quarterly Financial Report: U.S. Corporations: All Nondurable Manufacturing: Provision for Current and Deferred Domestic Income Taxes
84325	1	Q		NSA	QFR322NDUUSNO	Quarterly Financial Report: U.S. Corporations: All Nondurable Manufacturing: Retained Earnings
84585	1	Q		NSA	QFRD119NDUUSNO	Quarterly Financial Report: U.S. Corporations: All Nondurable Manufacturing: Retained Earnings at Beginning of Quarter
84689	1	Q		NSA	QFRD123NDUUSNO	Quarterly Financial Report: U.S. Corporations: All Nondurable Manufacturing: Retained Earnings at End of Quarter
84065	1	Q		NSA	QFR301NDUUSNO	Quarterly Financial Report: U.S. Corporations: All Nondurable Manufacturing: Short-Term Debt, Original Maturity of 1 Year or Less: Loans from Banks
84377	1	Q		NSA	QFR327NDUUSNO	Quarterly Financial Report: U.S. Corporations: All Nondurable Manufacturing: Stockholders' Equity
83649	1	Q		NSA	QFR202NDUUSNO	Quarterly Financial Report: U.S. Corporations: All Nondurable Manufacturing: Time Deposits in the U.S., Including Negotiable Certificates of Deposit
84013	1	Q		NSA	QFR223NDUUSNO	Quarterly Financial Report: U.S. Corporations: All Nondurable Manufacturing: Total Assets
85415	1	Q		NSA	QFRTCASHNDUUSNO	Quarterly Financial Report: U.S. Corporations: All Nondurable Manufacturing: Total Cash on Hand and in U.S. Banks
85313	1	Q		NSA	QFRTCANDUUSNO	Quarterly Financial Report: U.S. Corporations: All Nondurable Manufacturing: Total Current Assets
85469	1	Q		NSA	QFRTCLNDUUSNO	Quarterly Financial Report: U.S. Corporations: All Nondurable Manufacturing: Total Current Liabilities
85521	1	Q		NSA	QFRTLNDUUSNO	Quarterly Financial Report: U.S. Corporations: All Nondurable Manufacturing: Total Liabilities
84429	1	Q		NSA	QFR328NDUUSNO	Quarterly Financial Report: U.S. Corporations: All Nondurable Manufacturing: Total Liabilities and Stockholders' Equity
84117	1	Q		NSA	QFR306NDUUSNO	Quarterly Financial Report: U.S. Corporations: All Nondurable Manufacturing: Trade Accounts and Trade Notes Payable
84793	1	Q		NSA	QFRD213NDUUSNO	Quarterly Financial Report: U.S. Corporations: All Nondurable Manufacturing: Trade Accounts and Trade Notes Receivable (Less Allowance for Doubtful Accounts)
83600	1	Q		NSA	QFR201PTSUSNO	Quarterly Financial Report: U.S. Corporations: All Professional and Technical Services, Except Legal Services: Cash and Demand Deposits in the U.S.
83548	1	Q		NSA	QFR120PTSUSNO	Quarterly Financial Report: U.S. Corporations: All Professional and Technical Services, Except Legal Services: Cash Dividends Charged to Retained Earnings This Quarter
84172	1	Q		NSA	QFR310PTSUSNO	Quarterly Financial Report: U.S. Corporations: All Professional and Technical Services, Except Legal Services: Current Portion of Long-Term Debt, Due in 1 Year or Less: Loans from Banks
83496	1	Q		NSA	QFR115PTSUSNO	Quarterly Financial Report: U.S. Corporations: All Professional and Technical Services, Except Legal Services: Income (Loss) After Income Taxes
83444	1	Q		NSA	QFR111PTSUSNO	Quarterly Financial Report: U.S. Corporations: All Professional and Technical Services, Except Legal Services: Income (Loss) Before Income Taxes
83340	1	Q		NSA	QFR104PTSUSNO	Quarterly Financial Report: U.S. Corporations: All Professional and Technical Services, Except Legal Services: Income (Loss) from Operations
84952	1	Q		NSA	QFRD309PTSUSNO	Quarterly Financial Report: U.S. Corporations: All Professional and Technical Services, Except Legal Services: Income Taxes Accrued, Prior and Current Years, Net of Payments
83704	1	Q		NSA	QFR214PTSUSNO	Quarterly Financial Report: U.S. Corporations: All Professional and Technical Services, Except Legal Services: Inventories
83860	1	Q		NSA	QFR217PTSUSNO	Quarterly Financial Report: U.S. Corporations: All Professional and Technical Services, Except Legal Services: Land and Mineral Rights
84224	1	Q		NSA	QFR316PTSUSNO	Quarterly Financial Report: U.S. Corporations: All Professional and Technical Services, Except Legal Services: Long-Term Debt, Due in More Than 1 Year: Loans from Banks
85212	1	Q		NSA	QFRNIRBPTSUSNO	Quarterly Financial Report: U.S. Corporations: All Professional and Technical Services, Except Legal Services: Net Income Retained in Business
83964	1	Q		NSA	QFR219PTSUSNO	Quarterly Financial Report: U.S. Corporations: All Professional and Technical Services, Except Legal Services: Net Property, Plant, and Equipment
83184	1	Q		NSA	QFR101PTSUSNO	Quarterly Financial Report: U.S. Corporations: All Professional and Technical Services, Except Legal Services: Net Sales, Receipts, and Operating Revenues
85264	1	Q		NSA	QFRNWCPTSUSNO	Quarterly Financial Report: U.S. Corporations: All Professional and Technical Services, Except Legal Services: Net Working Capital
83808	1	Q		NSA	QFR216PTSUSNO	Quarterly Financial Report: U.S. Corporations: All Professional and Technical Services, Except Legal Services: Property, Plant, and Equipment
84536	1	Q		NSA	QFRD114PTSUSNO	Quarterly Financial Report: U.S. Corporations: All Professional and Technical Services, Except Legal Services: Provision for Current and Deferred Domestic Income Taxes
84328	1	Q		NSA	QFR322PTSUSNO	Quarterly Financial Report: U.S. Corporations: All Professional and Technical Services, Except Legal Services: Retained Earnings
84588	1	Q		NSA	QFRD119PTSUSNO	Quarterly Financial Report: U.S. Corporations: All Professional and Technical Services, Except Legal Services: Retained Earnings at Beginning of Quarter
84692	2	Q		NSA	QFRD123PTSUSNO	Quarterly Financial Report: U.S. Corporations: All Professional and Technical Services, Except Legal Services: Retained Earnings at End of Quarter
84068	1	Q		NSA	QFR301PTSUSNO	Quarterly Financial Report: U.S. Corporations: All Professional and Technical Services, Except Legal Services: Short-Term Debt, Original Maturity of 1 Year or Less: Loans from Banks
84380	1	Q		NSA	QFR327PTSUSNO	Quarterly Financial Report: U.S. Corporations: All Professional and Technical Services, Except Legal Services: Stockholders' Equity
83652	1	Q		NSA	QFR202PTSUSNO	Quarterly Financial Report: U.S. Corporations: All Professional and Technical Services, Except Legal Services: Time Deposits in the U.S., Including Negotiable Certificates of Deposit
84016	1	Q		NSA	QFR223PTSUSNO	Quarterly Financial Report: U.S. Corporations: All Professional and Technical Services, Except Legal Services: Total Assets
85418	1	Q		NSA	QFRTCASHPTSUSNO	Quarterly Financial Report: U.S. Corporations: All Professional and Technical Services, Except Legal Services: Total Cash on Hand and in U.S. Banks
85316	1	Q		NSA	QFRTCAPTSUSNO	Quarterly Financial Report: U.S. Corporations: All Professional and Technical Services, Except Legal Services: Total Current Assets
85472	1	Q		NSA	QFRTCLPTSUSNO	Quarterly Financial Report: U.S. Corporations: All Professional and Technical Services, Except Legal Services: Total Current Liabilities
85524	1	Q		NSA	QFRTLPTSUSNO	Quarterly Financial Report: U.S. Corporations: All Professional and Technical Services, Except Legal Services: Total Liabilities
84432	1	Q		NSA	QFR328PTSUSNO	Quarterly Financial Report: U.S. Corporations: All Professional and Technical Services, Except Legal Services: Total Liabilities and Stockholders' Equity
84120	1	Q		NSA	QFR306PTSUSNO	Quarterly Financial Report: U.S. Corporations: All Professional and Technical Services, Except Legal Services: Trade Accounts and Trade Notes Payable
84796	1	Q		NSA	QFRD213PTSUSNO	Quarterly Financial Report: U.S. Corporations: All Professional and Technical Services, Except Legal Services: Trade Accounts and Trade Notes Receivable (Less Allowance for Doubtful Accounts)
83601	6	Q		NSA	QFR201RETUSNO	Quarterly Financial Report: U.S. Corporations: All Retail Trade: Cash and Demand Deposits in the U.S.
83549	1	Q		NSA	QFR120RETUSNO	Quarterly Financial Report: U.S. Corporations: All Retail Trade: Cash Dividends Charged to Retained Earnings This Quarter
84173	1	Q		NSA	QFR310RETUSNO	Quarterly Financial Report: U.S. Corporations: All Retail Trade: Current Portion of Long-Term Debt, Due in 1 Year or Less: Loans from Banks
83497	2	Q		NSA	QFR115RETUSNO	Quarterly Financial Report: U.S. Corporations: All Retail Trade: Income (Loss) After Income Taxes
83445	1	Q		NSA	QFR111RETUSNO	Quarterly Financial Report: U.S. Corporations: All Retail Trade: Income (Loss) Before Income Taxes
83341	1	Q		NSA	QFR104RETUSNO	Quarterly Financial Report: U.S. Corporations: All Retail Trade: Income (Loss) from Operations
84953	1	Q		NSA	QFRD309RETUSNO	Quarterly Financial Report: U.S. Corporations: All Retail Trade: Income Taxes Accrued, Prior and Current Years, Net of Payments
83705	1	Q		NSA	QFR214RETUSNO	Quarterly Financial Report: U.S. Corporations: All Retail Trade: Inventories
83861	1	Q		NSA	QFR217RETUSNO	Quarterly Financial Report: U.S. Corporations: All Retail Trade: Land and Mineral Rights
84225	4	Q		NSA	QFR316RETUSNO	Quarterly Financial Report: U.S. Corporations: All Retail Trade: Long-Term Debt, Due in More Than 1 Year: Loans from Banks
85213	1	Q		NSA	QFRNIRBRETUSNO	Quarterly Financial Report: U.S. Corporations: All Retail Trade: Net Income Retained in Business
83965	1	Q		NSA	QFR219RETUSNO	Quarterly Financial Report: U.S. Corporations: All Retail Trade: Net Property, Plant, and Equipment
83185	2	Q		NSA	QFR101RETUSNO	Quarterly Financial Report: U.S. Corporations: All Retail Trade: Net Sales, Receipts, and Operating Revenues
85265	1	Q		NSA	QFRNWCRETUSNO	Quarterly Financial Report: U.S. Corporations: All Retail Trade: Net Working Capital
83809	1	Q		NSA	QFR216RETUSNO	Quarterly Financial Report: U.S. Corporations: All Retail Trade: Property, Plant, and Equipment
84537	1	Q		NSA	QFRD114RETUSNO	Quarterly Financial Report: U.S. Corporations: All Retail Trade: Provision for Current and Deferred Domestic Income Taxes
84329	1	Q		NSA	QFR322RETUSNO	Quarterly Financial Report: U.S. Corporations: All Retail Trade: Retained Earnings
84589	1	Q		NSA	QFRD119RETUSNO	Quarterly Financial Report: U.S. Corporations: All Retail Trade: Retained Earnings at Beginning of Quarter
84693	1	Q		NSA	QFRD123RETUSNO	Quarterly Financial Report: U.S. Corporations: All Retail Trade: Retained Earnings at End of Quarter
84069	1	Q		NSA	QFR301RETUSNO	Quarterly Financial Report: U.S. Corporations: All Retail Trade: Short-Term Debt, Original Maturity of 1 Year or Less: Loans from Banks
84381	1	Q		NSA	QFR327RETUSNO	Quarterly Financial Report: U.S. Corporations: All Retail Trade: Stockholders' Equity
83653	1	Q		NSA	QFR202RETUSNO	Quarterly Financial Report: U.S. Corporations: All Retail Trade: Time Deposits in the U.S., Including Negotiable Certificates of Deposit
84017	1	Q		NSA	QFR223RETUSNO	Quarterly Financial Report: U.S. Corporations: All Retail Trade: Total Assets
85419	1	Q		NSA	QFRTCASHRETUSNO	Quarterly Financial Report: U.S. Corporations: All Retail Trade: Total Cash on Hand and in U.S. Banks
85317	1	Q		NSA	QFRTCARETUSNO	Quarterly Financial Report: U.S. Corporations: All Retail Trade: Total Current Assets
85473	1	Q		NSA	QFRTCLRETUSNO	Quarterly Financial Report: U.S. Corporations: All Retail Trade: Total Current Liabilities
85525	1	Q		NSA	QFRTLRETUSNO	Quarterly Financial Report: U.S. Corporations: All Retail Trade: Total Liabilities
84433	1	Q		NSA	QFR328RETUSNO	Quarterly Financial Report: U.S. Corporations: All Retail Trade: Total Liabilities and Stockholders' Equity
84121	1	Q		NSA	QFR306RETUSNO	Quarterly Financial Report: U.S. Corporations: All Retail Trade: Trade Accounts and Trade Notes Payable
84797	2	Q		NSA	QFRD213RETUSNO	Quarterly Financial Report: U.S. Corporations: All Retail Trade: Trade Accounts and Trade Notes Receivable (Less Allowance for Doubtful Accounts)
83603	1	Q		NSA	QFR201WHSUSNO	Quarterly Financial Report: U.S. Corporations: All Wholesale Trade: Cash and Demand Deposits in the U.S.
83551	1	Q		NSA	QFR120WHSUSNO	Quarterly Financial Report: U.S. Corporations: All Wholesale Trade: Cash Dividends Charged to Retained Earnings This Quarter
84175	1	Q		NSA	QFR310WHSUSNO	Quarterly Financial Report: U.S. Corporations: All Wholesale Trade: Current Portion of Long-Term Debt, Due in 1 Year or Less: Loans from Banks
83499	1	Q		NSA	QFR115WHSUSNO	Quarterly Financial Report: U.S. Corporations: All Wholesale Trade: Income (Loss) After Income Taxes
83447	1	Q		NSA	QFR111WHSUSNO	Quarterly Financial Report: U.S. Corporations: All Wholesale Trade: Income (Loss) Before Income Taxes
83343	1	Q		NSA	QFR104WHSUSNO	Quarterly Financial Report: U.S. Corporations: All Wholesale Trade: Income (Loss) from Operations
84955	1	Q		NSA	QFRD309WHSUSNO	Quarterly Financial Report: U.S. Corporations: All Wholesale Trade: Income Taxes Accrued, Prior and Current Years, Net of Payments
83707	1	Q		NSA	QFR214WHSUSNO	Quarterly Financial Report: U.S. Corporations: All Wholesale Trade: Inventories
83863	1	Q		NSA	QFR217WHSUSNO	Quarterly Financial Report: U.S. Corporations: All Wholesale Trade: Land and Mineral Rights
84227	1	Q		NSA	QFR316WHSUSNO	Quarterly Financial Report: U.S. Corporations: All Wholesale Trade: Long-Term Debt, Due in More Than 1 Year: Loans from Banks
85215	1	Q		NSA	QFRNIRBWHSUSNO	Quarterly Financial Report: U.S. Corporations: All Wholesale Trade: Net Income Retained in Business
83967	1	Q		NSA	QFR219WHSUSNO	Quarterly Financial Report: U.S. Corporations: All Wholesale Trade: Net Property, Plant, and Equipment
83187	2	Q		NSA	QFR101WHSUSNO	Quarterly Financial Report: U.S. Corporations: All Wholesale Trade: Net Sales, Receipts, and Operating Revenues
85267	1	Q		NSA	QFRNWCWHSUSNO	Quarterly Financial Report: U.S. Corporations: All Wholesale Trade: Net Working Capital
83811	1	Q		NSA	QFR216WHSUSNO	Quarterly Financial Report: U.S. Corporations: All Wholesale Trade: Property, Plant, and Equipment
84539	1	Q		NSA	QFRD114WHSUSNO	Quarterly Financial Report: U.S. Corporations: All Wholesale Trade: Provision for Current and Deferred Domestic Income Taxes
84331	1	Q		NSA	QFR322WHSUSNO	Quarterly Financial Report: U.S. Corporations: All Wholesale Trade: Retained Earnings
84591	1	Q		NSA	QFRD119WHSUSNO	Quarterly Financial Report: U.S. Corporations: All Wholesale Trade: Retained Earnings at Beginning of Quarter
84695	1	Q		NSA	QFRD123WHSUSNO	Quarterly Financial Report: U.S. Corporations: All Wholesale Trade: Retained Earnings at End of Quarter
84071	1	Q		NSA	QFR301WHSUSNO	Quarterly Financial Report: U.S. Corporations: All Wholesale Trade: Short-Term Debt, Original Maturity of 1 Year or Less: Loans from Banks
84383	1	Q		NSA	QFR327WHSUSNO	Quarterly Financial Report: U.S. Corporations: All Wholesale Trade: Stockholders' Equity
83655	1	Q		NSA	QFR202WHSUSNO	Quarterly Financial Report: U.S. Corporations: All Wholesale Trade: Time Deposits in the U.S., Including Negotiable Certificates of Deposit
84019	1	Q		NSA	QFR223WHSUSNO	Quarterly Financial Report: U.S. Corporations: All Wholesale Trade: Total Assets
85421	1	Q		NSA	QFRTCASHWHSUSNO	Quarterly Financial Report: U.S. Corporations: All Wholesale Trade: Total Cash on Hand and in U.S. Banks
85423	1	Q		NSA	QFRTCAWHSUSNO	Quarterly Financial Report: U.S. Corporations: All Wholesale Trade: Total Current Assets
85475	1	Q		NSA	QFRTCLWHSUSNO	Quarterly Financial Report: U.S. Corporations: All Wholesale Trade: Total Current Liabilities
85527	1	Q		NSA	QFRTLWHSUSNO	Quarterly Financial Report: U.S. Corporations: All Wholesale Trade: Total Liabilities
84435	1	Q		NSA	QFR328WHSUSNO	Quarterly Financial Report: U.S. Corporations: All Wholesale Trade: Total Liabilities and Stockholders' Equity
84123	1	Q		NSA	QFR306WHSUSNO	Quarterly Financial Report: U.S. Corporations: All Wholesale Trade: Trade Accounts and Trade Notes Payable
84799	1	Q		NSA	QFRD213WHSUSNO	Quarterly Financial Report: U.S. Corporations: All Wholesale Trade: Trade Accounts and Trade Notes Receivable (Less Allowance for Doubtful Accounts)
84006	1	Q		NSA	QFR223ANLUSNO	Quarterly Financial Report: U.S. Corporations: Apparel and Leather Products: Total Assets
85408	1	Q		NSA	QFRTCASHANLUSNO	Quarterly Financial Report: U.S. Corporations: Apparel and Leather Products: Total Cash on Hand and in U.S. Banks
85306	1	Q		NSA	QFRTCAANLUSNO	Quarterly Financial Report: U.S. Corporations: Apparel and Leather Products: Total Current Assets
85462	1	Q		NSA	QFRTCLANLUSNO	Quarterly Financial Report: U.S. Corporations: Apparel and Leather Products: Total Current Liabilities
85514	1	Q		NSA	QFRTLANLUSNO	Quarterly Financial Report: U.S. Corporations: Apparel and Leather Products: Total Liabilities
84422	1	Q		NSA	QFR328ANLUSNO	Quarterly Financial Report: U.S. Corporations: Apparel and Leather Products: Total Liabilities and Stockholders' Equity
83987	1	Q		NSA	QFR223375USNO	Quarterly Financial Report: U.S. Corporations: Basic Chemicals, Resins, and Synthetics: Total Assets
85389	1	Q		NSA	QFRTCASH375USNO	Quarterly Financial Report: U.S. Corporations: Basic Chemicals, Resins, and Synthetics: Total Cash on Hand and in U.S. Banks
85287	1	Q		NSA	QFRTCA375USNO	Quarterly Financial Report: U.S. Corporations: Basic Chemicals, Resins, and Synthetics: Total Current Assets
85443	1	Q		NSA	QFRTCL375USNO	Quarterly Financial Report: U.S. Corporations: Basic Chemicals, Resins, and Synthetics: Total Current Liabilities
85495	1	Q		NSA	QFRTL375USNO	Quarterly Financial Report: U.S. Corporations: Basic Chemicals, Resins, and Synthetics: Total Liabilities
84403	1	Q		NSA	QFR328375USNO	Quarterly Financial Report: U.S. Corporations: Basic Chemicals, Resins, and Synthetics: Total Liabilities and Stockholders' Equity
83969	1	Q		NSA	QFR223312USNO	Quarterly Financial Report: U.S. Corporations: Beverage and Tobacco Products: Total Assets
85371	1	Q		NSA	QFRTCASH312USNO	Quarterly Financial Report: U.S. Corporations: Beverage and Tobacco Products: Total Cash on Hand and in U.S. Banks
85269	1	Q		NSA	QFRTCA312USNO	Quarterly Financial Report: U.S. Corporations: Beverage and Tobacco Products: Total Current Assets
85425	1	Q		NSA	QFRTCL312USNO	Quarterly Financial Report: U.S. Corporations: Beverage and Tobacco Products: Total Current Liabilities
85477	1	Q		NSA	QFRTL312USNO	Quarterly Financial Report: U.S. Corporations: Beverage and Tobacco Products: Total Liabilities
84385	1	Q		NSA	QFR328312USNO	Quarterly Financial Report: U.S. Corporations: Beverage and Tobacco Products: Total Liabilities and Stockholders' Equity
83008	1	Q		NSA	223516USN	Quarterly Financial Report: U.S. Corporations: Broadcasting and Content Providers: Total Assets
85589	1	Q		NSA	TCASH516USN	Quarterly Financial Report: U.S. Corporations: Broadcasting and Content Providers: Total Cash on Hand and in U.S. Banks
85583	1	Q		NSA	TCA516USN	Quarterly Financial Report: U.S. Corporations: Broadcasting and Content Providers: Total Current Assets
85592	1	Q		NSA	TCL516USN	Quarterly Financial Report: U.S. Corporations: Broadcasting and Content Providers: Total Current Liabilities
85595	1	Q		NSA	TL516USN	Quarterly Financial Report: U.S. Corporations: Broadcasting and Content Providers: Total Liabilities
83032	1	Q		NSA	328516USN	Quarterly Financial Report: U.S. Corporations: Broadcasting and Content Providers: Total Liabilities and Stockholders' Equity
83999	1	Q		NSA	QFR223515USNO	Quarterly Financial Report: U.S. Corporations: Broadcasting, Except Internet: Total Assets (DISCONTINUED)
85401	1	Q		NSA	QFRTCASH515USNO	Quarterly Financial Report: U.S. Corporations: Broadcasting, Except Internet: Total Cash on Hand and in U.S. Banks (DISCONTINUED)
85299	1	Q		NSA	QFRTCA515USNO	Quarterly Financial Report: U.S. Corporations: Broadcasting, Except Internet: Total Current Assets (DISCONTINUED)
85455	1	Q		NSA	QFRTCL515USNO	Quarterly Financial Report: U.S. Corporations: Broadcasting, Except Internet: Total Current Liabilities (DISCONTINUED)
85507	1	Q		NSA	QFRTL515USNO	Quarterly Financial Report: U.S. Corporations: Broadcasting, Except Internet: Total Liabilities (DISCONTINUED)
84415	1	Q		NSA	QFR328515USNO	Quarterly Financial Report: U.S. Corporations: Broadcasting, Except Internet: Total Liabilities and Stockholders' Equity (DISCONTINUED)
84007	1	Q		NSA	QFR223CHEUSNO	Quarterly Financial Report: U.S. Corporations: Chemicals: Total Assets
85409	1	Q		NSA	QFRTCASHCHEUSNO	Quarterly Financial Report: U.S. Corporations: Chemicals: Total Cash on Hand and in U.S. Banks
85307	1	Q		NSA	QFRTCACHEUSNO	Quarterly Financial Report: U.S. Corporations: Chemicals: Total Current Assets
85463	1	Q		NSA	QFRTCLCHEUSNO	Quarterly Financial Report: U.S. Corporations: Chemicals: Total Current Liabilities
85515	1	Q		NSA	QFRTLCHEUSNO	Quarterly Financial Report: U.S. Corporations: Chemicals: Total Liabilities
84423	1	Q		NSA	QFR328CHEUSNO	Quarterly Financial Report: U.S. Corporations: Chemicals: Total Liabilities and Stockholders' Equity
83996	1	Q		NSA	QFR223448USNO	Quarterly Financial Report: U.S. Corporations: Clothing and General Merchandise Stores: Total Assets (DISCONTINUED)
85398	1	Q		NSA	QFRTCASH448USNO	Quarterly Financial Report: U.S. Corporations: Clothing and General Merchandise Stores: Total Cash on Hand and in U.S. Banks (DISCONTINUED)
85296	1	Q		NSA	QFRTCA448USNO	Quarterly Financial Report: U.S. Corporations: Clothing and General Merchandise Stores: Total Current Assets (DISCONTINUED)
85452	1	Q		NSA	QFRTCL448USNO	Quarterly Financial Report: U.S. Corporations: Clothing and General Merchandise Stores: Total Current Liabilities (DISCONTINUED)
85504	1	Q		NSA	QFRTL448USNO	Quarterly Financial Report: U.S. Corporations: Clothing and General Merchandise Stores: Total Liabilities (DISCONTINUED)
84412	1	Q		NSA	QFR328448USNO	Quarterly Financial Report: U.S. Corporations: Clothing and General Merchandise Stores: Total Liabilities and Stockholders' Equity (DISCONTINUED)
83990	1	Q		NSA	QFR223384USNO	Quarterly Financial Report: U.S. Corporations: Communications Equipment: Total Assets
85392	1	Q		NSA	QFRTCASH384USNO	Quarterly Financial Report: U.S. Corporations: Communications Equipment: Total Cash on Hand and in U.S. Banks
85290	1	Q		NSA	QFRTCA384USNO	Quarterly Financial Report: U.S. Corporations: Communications Equipment: Total Current Assets
85446	1	Q		NSA	QFRTCL384USNO	Quarterly Financial Report: U.S. Corporations: Communications Equipment: Total Current Liabilities
85498	1	Q		NSA	QFRTL384USNO	Quarterly Financial Report: U.S. Corporations: Communications Equipment: Total Liabilities
84406	1	Q		NSA	QFR328384USNO	Quarterly Financial Report: U.S. Corporations: Communications Equipment: Total Liabilities and Stockholders' Equity
84008	1	Q		NSA	QFR223COMUSNO	Quarterly Financial Report: U.S. Corporations: Computer and Electronic Products: Total Assets
85410	1	Q		NSA	QFRTCASHCOMUSNO	Quarterly Financial Report: U.S. Corporations: Computer and Electronic Products: Total Cash on Hand and in U.S. Banks
85308	1	Q		NSA	QFRTCACOMUSNO	Quarterly Financial Report: U.S. Corporations: Computer and Electronic Products: Total Current Assets
85464	1	Q		NSA	QFRTCLCOMUSNO	Quarterly Financial Report: U.S. Corporations: Computer and Electronic Products: Total Current Liabilities
85516	1	Q		NSA	QFRTLCOMUSNO	Quarterly Financial Report: U.S. Corporations: Computer and Electronic Products: Total Liabilities
84424	1	Q		NSA	QFR328COMUSNO	Quarterly Financial Report: U.S. Corporations: Computer and Electronic Products: Total Liabilities and Stockholders' Equity
83986	1	Q		NSA	QFR223374USNO	Quarterly Financial Report: U.S. Corporations: Computer and Peripheral Equipment: Total Assets
85388	1	Q		NSA	QFRTCASH374USNO	Quarterly Financial Report: U.S. Corporations: Computer and Peripheral Equipment: Total Cash on Hand and in U.S. Banks
85286	1	Q		NSA	QFRTCA374USNO	Quarterly Financial Report: U.S. Corporations: Computer and Peripheral Equipment: Total Current Assets
85442	1	Q		NSA	QFRTCL374USNO	Quarterly Financial Report: U.S. Corporations: Computer and Peripheral Equipment: Total Current Liabilities
85494	1	Q		NSA	QFRTL374USNO	Quarterly Financial Report: U.S. Corporations: Computer and Peripheral Equipment: Total Liabilities
84402	1	Q		NSA	QFR328374USNO	Quarterly Financial Report: U.S. Corporations: Computer and Peripheral Equipment: Total Liabilities and Stockholders' Equity
84002	1	Q		NSA	QFR223545USNO	Quarterly Financial Report: U.S. Corporations: Computer Systems Design and Related Services: Total Assets
85404	1	Q		NSA	QFRTCASH545USNO	Quarterly Financial Report: U.S. Corporations: Computer Systems Design and Related Services: Total Cash on Hand and in U.S. Banks
85302	1	Q		NSA	QFRTCA545USNO	Quarterly Financial Report: U.S. Corporations: Computer Systems Design and Related Services: Total Current Assets
85458	1	Q		NSA	QFRTCL545USNO	Quarterly Financial Report: U.S. Corporations: Computer Systems Design and Related Services: Total Current Liabilities
85510	1	Q		NSA	QFRTL545USNO	Quarterly Financial Report: U.S. Corporations: Computer Systems Design and Related Services: Total Liabilities
84418	1	Q		NSA	QFR328545USNO	Quarterly Financial Report: U.S. Corporations: Computer Systems Design and Related Services: Total Liabilities and Stockholders' Equity
83982	1	Q		NSA	QFR223335USNO	Quarterly Financial Report: U.S. Corporations: Electrical Equipment, Appliances, and Components: Total Assets
85384	1	Q		NSA	QFRTCASH335USNO	Quarterly Financial Report: U.S. Corporations: Electrical Equipment, Appliances, and Components: Total Cash on Hand and in U.S. Banks
85282	1	Q		NSA	QFRTCA335USNO	Quarterly Financial Report: U.S. Corporations: Electrical Equipment, Appliances, and Components: Total Current Assets
85438	1	Q		NSA	QFRTCL335USNO	Quarterly Financial Report: U.S. Corporations: Electrical Equipment, Appliances, and Components: Total Current Liabilities
85490	1	Q		NSA	QFRTL335USNO	Quarterly Financial Report: U.S. Corporations: Electrical Equipment, Appliances, and Components: Total Liabilities
84398	1	Q		NSA	QFR328335USNO	Quarterly Financial Report: U.S. Corporations: Electrical Equipment, Appliances, and Components: Total Liabilities and Stockholders' Equity
83979	1	Q		NSA	QFR223332USNO	Quarterly Financial Report: U.S. Corporations: Fabricated Metal Products: Total Assets
85381	1	Q		NSA	QFRTCASH332USNO	Quarterly Financial Report: U.S. Corporations: Fabricated Metal Products: Total Cash on Hand and in U.S. Banks
85279	1	Q		NSA	QFRTCA332USNO	Quarterly Financial Report: U.S. Corporations: Fabricated Metal Products: Total Current Assets
85435	1	Q		NSA	QFRTCL332USNO	Quarterly Financial Report: U.S. Corporations: Fabricated Metal Products: Total Current Liabilities
85487	1	Q		NSA	QFRTL332USNO	Quarterly Financial Report: U.S. Corporations: Fabricated Metal Products: Total Liabilities
84395	1	Q		NSA	QFR328332USNO	Quarterly Financial Report: U.S. Corporations: Fabricated Metal Products: Total Liabilities and Stockholders' Equity
83995	2	Q		NSA	QFR223445USNO	Quarterly Financial Report: U.S. Corporations: Food and Beverage Stores: Total Assets
85397	1	Q		NSA	QFRTCASH445USNO	Quarterly Financial Report: U.S. Corporations: Food and Beverage Stores: Total Cash on Hand and in U.S. Banks
85295	2	Q		NSA	QFRTCA445USNO	Quarterly Financial Report: U.S. Corporations: Food and Beverage Stores: Total Current Assets
85451	1	Q		NSA	QFRTCL445USNO	Quarterly Financial Report: U.S. Corporations: Food and Beverage Stores: Total Current Liabilities
85503	1	Q		NSA	QFRTL445USNO	Quarterly Financial Report: U.S. Corporations: Food and Beverage Stores: Total Liabilities
84411	1	Q		NSA	QFR328445USNO	Quarterly Financial Report: U.S. Corporations: Food and Beverage Stores: Total Liabilities and Stockholders' Equity
83968	1	Q		NSA	QFR223311USNO	Quarterly Financial Report: U.S. Corporations: Food: Total Assets
85370	1	Q		NSA	QFRTCASH311USNO	Quarterly Financial Report: U.S. Corporations: Food: Total Cash on Hand and in U.S. Banks
85268	1	Q		NSA	QFRTCA311USNO	Quarterly Financial Report: U.S. Corporations: Food: Total Current Assets
85424	1	Q		NSA	QFRTCL311USNO	Quarterly Financial Report: U.S. Corporations: Food: Total Current Liabilities
85476	1	Q		NSA	QFRTL311USNO	Quarterly Financial Report: U.S. Corporations: Food: Total Liabilities
84384	1	Q		NSA	QFR328311USNO	Quarterly Financial Report: U.S. Corporations: Food: Total Liabilities and Stockholders' Equity
83978	1	Q		NSA	QFR223331USNO	Quarterly Financial Report: U.S. Corporations: Foundries: Total Assets
85380	1	Q		NSA	QFRTCASH331USNO	Quarterly Financial Report: U.S. Corporations: Foundries: Total Cash on Hand and in U.S. Banks
85278	1	Q		NSA	QFRTCA331USNO	Quarterly Financial Report: U.S. Corporations: Foundries: Total Current Assets
85434	1	Q		NSA	QFRTCL331USNO	Quarterly Financial Report: U.S. Corporations: Foundries: Total Current Liabilities
85486	1	Q		NSA	QFRTL331USNO	Quarterly Financial Report: U.S. Corporations: Foundries: Total Liabilities
84394	1	Q		NSA	QFR328331USNO	Quarterly Financial Report: U.S. Corporations: Foundries: Total Liabilities and Stockholders' Equity
83983	1	Q		NSA	QFR223337USNO	Quarterly Financial Report: U.S. Corporations: Furniture and Related Products: Total Assets
85385	1	Q		NSA	QFRTCASH337USNO	Quarterly Financial Report: U.S. Corporations: Furniture and Related Products: Total Cash on Hand and in U.S. Banks
85283	1	Q		NSA	QFRTCA337USNO	Quarterly Financial Report: U.S. Corporations: Furniture and Related Products: Total Current Assets
85439	0	Q		NSA	QFRTCL337USNO	Quarterly Financial Report: U.S. Corporations: Furniture and Related Products: Total Current Liabilities
85491	1	Q		NSA	QFRTL337USNO	Quarterly Financial Report: U.S. Corporations: Furniture and Related Products: Total Liabilities
84399	1	Q		NSA	QFR328337USNO	Quarterly Financial Report: U.S. Corporations: Furniture and Related Products: Total Liabilities and Stockholders' Equity
83006	1	Q		NSA	223458USN	Quarterly Financial Report: U.S. Corporations: General Merchandise and Clothing Stores: Total Assets
85587	1	Q		NSA	TCASH458USN	Quarterly Financial Report: U.S. Corporations: General Merchandise and Clothing Stores: Total Cash on Hand and in U.S. Banks
85581	0	Q		NSA	TCA458USN	Quarterly Financial Report: U.S. Corporations: General Merchandise and Clothing Stores: Total Current Assets
85590	0	Q		NSA	TCL458USN	Quarterly Financial Report: U.S. Corporations: General Merchandise and Clothing Stores: Total Current Liabilities
85593	1	Q		NSA	TL458USN	Quarterly Financial Report: U.S. Corporations: General Merchandise and Clothing Stores: Total Liabilities
83030	0	Q		NSA	328458USN	Quarterly Financial Report: U.S. Corporations: General Merchandise and Clothing Stores: Total Liabilities and Stockholders' Equity
83985	1	Q		NSA	QFR223371USNO	Quarterly Financial Report: U.S. Corporations: Iron, Steel, and Ferroalloys: Total Assets
85387	1	Q		NSA	QFRTCASH371USNO	Quarterly Financial Report: U.S. Corporations: Iron, Steel, and Ferroalloys: Total Cash on Hand and in U.S. Banks
85285	1	Q		NSA	QFRTCA371USNO	Quarterly Financial Report: U.S. Corporations: Iron, Steel, and Ferroalloys: Total Current Assets
85441	1	Q		NSA	QFRTCL371USNO	Quarterly Financial Report: U.S. Corporations: Iron, Steel, and Ferroalloys: Total Current Liabilities
85493	1	Q		NSA	QFRTL371USNO	Quarterly Financial Report: U.S. Corporations: Iron, Steel, and Ferroalloys: Total Liabilities
84401	1	Q		NSA	QFR328371USNO	Quarterly Financial Report: U.S. Corporations: Iron, Steel, and Ferroalloys: Total Liabilities and Stockholders' Equity
83980	1	Q		NSA	QFR223333USNO	Quarterly Financial Report: U.S. Corporations: Machinery: Total Assets
85382	1	Q		NSA	QFRTCASH333USNO	Quarterly Financial Report: U.S. Corporations: Machinery: Total Cash on Hand and in U.S. Banks
85280	1	Q		NSA	QFRTCA333USNO	Quarterly Financial Report: U.S. Corporations: Machinery: Total Current Assets
85436	1	Q		NSA	QFRTCL333USNO	Quarterly Financial Report: U.S. Corporations: Machinery: Total Current Liabilities
85488	1	Q		NSA	QFRTL333USNO	Quarterly Financial Report: U.S. Corporations: Machinery: Total Liabilities
84396	1	Q		NSA	QFR328333USNO	Quarterly Financial Report: U.S. Corporations: Machinery: Total Liabilities and Stockholders' Equity
84003	1	Q		NSA	QFR223546USNO	Quarterly Financial Report: U.S. Corporations: Management and Technical Consulting Services: Total Assets
85405	1	Q		NSA	QFRTCASH546USNO	Quarterly Financial Report: U.S. Corporations: Management and Technical Consulting Services: Total Cash on Hand and in U.S. Banks
85303	1	Q		NSA	QFRTCA546USNO	Quarterly Financial Report: U.S. Corporations: Management and Technical Consulting Services: Total Current Assets
85459	1	Q		NSA	QFRTCL546USNO	Quarterly Financial Report: U.S. Corporations: Management and Technical Consulting Services: Total Current Liabilities
85511	1	Q		NSA	QFRTL546USNO	Quarterly Financial Report: U.S. Corporations: Management and Technical Consulting Services: Total Liabilities
84419	1	Q		NSA	QFR328546USNO	Quarterly Financial Report: U.S. Corporations: Management and Technical Consulting Services: Total Liabilities and Stockholders' Equity
83998	1	Q		NSA	QFR223512USNO	Quarterly Financial Report: U.S. Corporations: Motion Picture and Sound Recording Industries: Total Assets
85400	1	Q		NSA	QFRTCASH512USNO	Quarterly Financial Report: U.S. Corporations: Motion Picture and Sound Recording Industries: Total Cash on Hand and in U.S. Banks
85298	1	Q		NSA	QFRTCA512USNO	Quarterly Financial Report: U.S. Corporations: Motion Picture and Sound Recording Industries: Total Current Assets
85454	1	Q		NSA	QFRTCL512USNO	Quarterly Financial Report: U.S. Corporations: Motion Picture and Sound Recording Industries: Total Current Liabilities
85506	1	Q		NSA	QFRTL512USNO	Quarterly Financial Report: U.S. Corporations: Motion Picture and Sound Recording Industries: Total Liabilities
84414	1	Q		NSA	QFR328512USNO	Quarterly Financial Report: U.S. Corporations: Motion Picture and Sound Recording Industries: Total Liabilities and Stockholders' Equity
83988	1	Q		NSA	QFR223376USNO	Quarterly Financial Report: U.S. Corporations: Motor Vehicles and Parts: Total Assets
85390	1	Q		NSA	QFRTCASH376USNO	Quarterly Financial Report: U.S. Corporations: Motor Vehicles and Parts: Total Cash on Hand and in U.S. Banks
85288	3	Q		NSA	QFRTCA376USNO	Quarterly Financial Report: U.S. Corporations: Motor Vehicles and Parts: Total Current Assets
85444	1	Q		NSA	QFRTCL376USNO	Quarterly Financial Report: U.S. Corporations: Motor Vehicles and Parts: Total Current Liabilities
85496	1	Q		NSA	QFRTL376USNO	Quarterly Financial Report: U.S. Corporations: Motor Vehicles and Parts: Total Liabilities
84404	1	Q		NSA	QFR328376USNO	Quarterly Financial Report: U.S. Corporations: Motor Vehicles and Parts: Total Liabilities and Stockholders' Equity
83989	1	Q		NSA	QFR223381USNO	Quarterly Financial Report: U.S. Corporations: Nonferrous Metals: Total Assets
85391	1	Q		NSA	QFRTCASH381USNO	Quarterly Financial Report: U.S. Corporations: Nonferrous Metals: Total Cash on Hand and in U.S. Banks
85289	1	Q		NSA	QFRTCA381USNO	Quarterly Financial Report: U.S. Corporations: Nonferrous Metals: Total Current Assets
85445	1	Q		NSA	QFRTCL381USNO	Quarterly Financial Report: U.S. Corporations: Nonferrous Metals: Total Current Liabilities
85497	1	Q		NSA	QFRTL381USNO	Quarterly Financial Report: U.S. Corporations: Nonferrous Metals: Total Liabilities
84405	1	Q		NSA	QFR328381USNO	Quarterly Financial Report: U.S. Corporations: Nonferrous Metals: Total Liabilities and Stockholders' Equity
83977	1	Q		NSA	QFR223327USNO	Quarterly Financial Report: U.S. Corporations: Nonmetallic Mineral Products: Total Assets
85379	1	Q		NSA	QFRTCASH327USNO	Quarterly Financial Report: U.S. Corporations: Nonmetallic Mineral Products: Total Cash on Hand and in U.S. Banks
85277	1	Q		NSA	QFRTCA327USNO	Quarterly Financial Report: U.S. Corporations: Nonmetallic Mineral Products: Total Current Assets
85433	1	Q		NSA	QFRTCL327USNO	Quarterly Financial Report: U.S. Corporations: Nonmetallic Mineral Products: Total Current Liabilities
85485	1	Q		NSA	QFRTL327USNO	Quarterly Financial Report: U.S. Corporations: Nonmetallic Mineral Products: Total Liabilities
84393	1	Q		NSA	QFR328327USNO	Quarterly Financial Report: U.S. Corporations: Nonmetallic Mineral Products: Total Liabilities and Stockholders' Equity
83972	1	Q		NSA	QFR223322USNO	Quarterly Financial Report: U.S. Corporations: Paper: Total Assets
85374	2	Q		NSA	QFRTCASH322USNO	Quarterly Financial Report: U.S. Corporations: Paper: Total Cash on Hand and in U.S. Banks
85272	1	Q		NSA	QFRTCA322USNO	Quarterly Financial Report: U.S. Corporations: Paper: Total Current Assets
85428	1	Q		NSA	QFRTCL322USNO	Quarterly Financial Report: U.S. Corporations: Paper: Total Current Liabilities
85480	1	Q		NSA	QFRTL322USNO	Quarterly Financial Report: U.S. Corporations: Paper: Total Liabilities
84388	1	Q		NSA	QFR328322USNO	Quarterly Financial Report: U.S. Corporations: Paper: Total Liabilities and Stockholders' Equity
83974	1	Q		NSA	QFR223324USNO	Quarterly Financial Report: U.S. Corporations: Petroleum and Coal Products: Total Assets
85376	1	Q		NSA	QFRTCASH324USNO	Quarterly Financial Report: U.S. Corporations: Petroleum and Coal Products: Total Cash on Hand and in U.S. Banks
85274	1	Q		NSA	QFRTCA324USNO	Quarterly Financial Report: U.S. Corporations: Petroleum and Coal Products: Total Current Assets
85430	1	Q		NSA	QFRTCL324USNO	Quarterly Financial Report: U.S. Corporations: Petroleum and Coal Products: Total Current Liabilities
85482	1	Q		NSA	QFRTL324USNO	Quarterly Financial Report: U.S. Corporations: Petroleum and Coal Products: Total Liabilities
84390	1	Q		NSA	QFR328324USNO	Quarterly Financial Report: U.S. Corporations: Petroleum and Coal Products: Total Liabilities and Stockholders' Equity
83991	1	Q		NSA	QFR223385USNO	Quarterly Financial Report: U.S. Corporations: Pharmaceuticals and Medicines: Total Assets
85393	1	Q		NSA	QFRTCASH385USNO	Quarterly Financial Report: U.S. Corporations: Pharmaceuticals and Medicines: Total Cash on Hand and in U.S. Banks
85291	1	Q		NSA	QFRTCA385USNO	Quarterly Financial Report: U.S. Corporations: Pharmaceuticals and Medicines: Total Current Assets
85447	1	Q		NSA	QFRTCL385USNO	Quarterly Financial Report: U.S. Corporations: Pharmaceuticals and Medicines: Total Current Liabilities
85499	1	Q		NSA	QFRTL385USNO	Quarterly Financial Report: U.S. Corporations: Pharmaceuticals and Medicines: Total Liabilities
84407	1	Q		NSA	QFR328385USNO	Quarterly Financial Report: U.S. Corporations: Pharmaceuticals and Medicines: Total Liabilities and Stockholders' Equity
83976	1	Q		NSA	QFR223326USNO	Quarterly Financial Report: U.S. Corporations: Plastics and Rubber Products: Total Assets
85378	1	Q		NSA	QFRTCASH326USNO	Quarterly Financial Report: U.S. Corporations: Plastics and Rubber Products: Total Cash on Hand and in U.S. Banks
85276	1	Q		NSA	QFRTCA326USNO	Quarterly Financial Report: U.S. Corporations: Plastics and Rubber Products: Total Current Assets
85432	1	Q		NSA	QFRTCL326USNO	Quarterly Financial Report: U.S. Corporations: Plastics and Rubber Products: Total Current Liabilities
85484	1	Q		NSA	QFRTL326USNO	Quarterly Financial Report: U.S. Corporations: Plastics and Rubber Products: Total Liabilities
84392	1	Q		NSA	QFR328326USNO	Quarterly Financial Report: U.S. Corporations: Plastics and Rubber Products: Total Liabilities and Stockholders' Equity
84015	1	Q		NSA	QFR223PRIUSNO	Quarterly Financial Report: U.S. Corporations: Primary Metals: Total Assets
85417	1	Q		NSA	QFRTCASHPRIUSNO	Quarterly Financial Report: U.S. Corporations: Primary Metals: Total Cash on Hand and in U.S. Banks
85315	1	Q		NSA	QFRTCAPRIUSNO	Quarterly Financial Report: U.S. Corporations: Primary Metals: Total Current Assets
85471	1	Q		NSA	QFRTCLPRIUSNO	Quarterly Financial Report: U.S. Corporations: Primary Metals: Total Current Liabilities
85523	1	Q		NSA	QFRTLPRIUSNO	Quarterly Financial Report: U.S. Corporations: Primary Metals: Total Liabilities
84431	1	Q		NSA	QFR328PRIUSNO	Quarterly Financial Report: U.S. Corporations: Primary Metals: Total Liabilities and Stockholders' Equity
83973	1	Q		NSA	QFR223323USNO	Quarterly Financial Report: U.S. Corporations: Printing and Related Support Activities: Total Assets
85375	1	Q		NSA	QFRTCASH323USNO	Quarterly Financial Report: U.S. Corporations: Printing and Related Support Activities: Total Cash on Hand and in U.S. Banks
85273	1	Q		NSA	QFRTCA323USNO	Quarterly Financial Report: U.S. Corporations: Printing and Related Support Activities: Total Current Assets
85429	1	Q		NSA	QFRTCL323USNO	Quarterly Financial Report: U.S. Corporations: Printing and Related Support Activities: Total Current Liabilities
85481	1	Q		NSA	QFRTL323USNO	Quarterly Financial Report: U.S. Corporations: Printing and Related Support Activities: Total Liabilities
84389	1	Q		NSA	QFR328323USNO	Quarterly Financial Report: U.S. Corporations: Printing and Related Support Activities: Total Liabilities and Stockholders' Equity
83997	1	Q		NSA	QFR223511USNO	Quarterly Financial Report: U.S. Corporations: Publishing Industries, Except Internet: Total Assets (DISCONTINUED)
85399	1	Q		NSA	QFRTCASH511USNO	Quarterly Financial Report: U.S. Corporations: Publishing Industries, Except Internet: Total Cash on Hand and in U.S. Banks (DISCONTINUED)
85297	1	Q		NSA	QFRTCA511USNO	Quarterly Financial Report: U.S. Corporations: Publishing Industries, Except Internet: Total Current Assets (DISCONTINUED)
85453	1	Q		NSA	QFRTCL511USNO	Quarterly Financial Report: U.S. Corporations: Publishing Industries, Except Internet: Total Current Liabilities (DISCONTINUED)
85505	1	Q		NSA	QFRTL511USNO	Quarterly Financial Report: U.S. Corporations: Publishing Industries, Except Internet: Total Liabilities (DISCONTINUED)
84413	1	Q		NSA	QFR328511USNO	Quarterly Financial Report: U.S. Corporations: Publishing Industries, Except Internet: Total Liabilities and Stockholders' Equity (DISCONTINUED)
83007	1	Q		NSA	223513USN	Quarterly Financial Report: U.S. Corporations: Publishing Industries: Total Assets
85588	1	Q		NSA	TCASH513USN	Quarterly Financial Report: U.S. Corporations: Publishing Industries: Total Cash on Hand and in U.S. Banks
85582	1	Q		NSA	TCA513USN	Quarterly Financial Report: U.S. Corporations: Publishing Industries: Total Current Assets
85591	1	Q		NSA	TCL513USN	Quarterly Financial Report: U.S. Corporations: Publishing Industries: Total Current Liabilities
85594	1	Q		NSA	TL513USN	Quarterly Financial Report: U.S. Corporations: Publishing Industries: Total Liabilities
83031	1	Q		NSA	328513USN	Quarterly Financial Report: U.S. Corporations: Publishing Industries: Total Liabilities and Stockholders' Equity
84004	1	Q		NSA	QFR223547USNO	Quarterly Financial Report: U.S. Corporations: Scientific Research and Development Services: Total Assets
85406	1	Q		NSA	QFRTCASH547USNO	Quarterly Financial Report: U.S. Corporations: Scientific Research and Development Services: Total Cash on Hand and in U.S. Banks
85304	1	Q		NSA	QFRTCA547USNO	Quarterly Financial Report: U.S. Corporations: Scientific Research and Development Services: Total Current Assets
85460	1	Q		NSA	QFRTCL547USNO	Quarterly Financial Report: U.S. Corporations: Scientific Research and Development Services: Total Current Liabilities
85512	1	Q		NSA	QFRTL547USNO	Quarterly Financial Report: U.S. Corporations: Scientific Research and Development Services: Total Liabilities
84420	1	Q		NSA	QFR328547USNO	Quarterly Financial Report: U.S. Corporations: Scientific Research and Development Services: Total Liabilities and Stockholders' Equity
84000	1	Q		NSA	QFR223517USNO	Quarterly Financial Report: U.S. Corporations: Telecommunications: Total Assets
85402	1	Q		NSA	QFRTCASH517USNO	Quarterly Financial Report: U.S. Corporations: Telecommunications: Total Cash on Hand and in U.S. Banks
85300	1	Q		NSA	QFRTCA517USNO	Quarterly Financial Report: U.S. Corporations: Telecommunications: Total Current Assets
85456	1	Q		NSA	QFRTCL517USNO	Quarterly Financial Report: U.S. Corporations: Telecommunications: Total Current Liabilities
85508	1	Q		NSA	QFRTL517USNO	Quarterly Financial Report: U.S. Corporations: Telecommunications: Total Liabilities
84416	1	Q		NSA	QFR328517USNO	Quarterly Financial Report: U.S. Corporations: Telecommunications: Total Liabilities and Stockholders' Equity
83970	1	Q		NSA	QFR223313USNO	Quarterly Financial Report: U.S. Corporations: Textile Mills and Textile Product Mills: Total Assets
85372	1	Q		NSA	QFRTCASH313USNO	Quarterly Financial Report: U.S. Corporations: Textile Mills and Textile Product Mills: Total Cash on Hand and in U.S. Banks
85270	1	Q		NSA	QFRTCA313USNO	Quarterly Financial Report: U.S. Corporations: Textile Mills and Textile Product Mills: Total Current Assets
85426	1	Q		NSA	QFRTCL313USNO	Quarterly Financial Report: U.S. Corporations: Textile Mills and Textile Product Mills: Total Current Liabilities
85478	1	Q		NSA	QFRTL313USNO	Quarterly Financial Report: U.S. Corporations: Textile Mills and Textile Product Mills: Total Liabilities
84386	1	Q		NSA	QFR328313USNO	Quarterly Financial Report: U.S. Corporations: Textile Mills and Textile Product Mills: Total Liabilities and Stockholders' Equity
84018	1	Q		NSA	QFR223TRAUSNO	Quarterly Financial Report: U.S. Corporations: Transportation Equipment: Total Assets
85420	1	Q		NSA	QFRTCASHTRAUSNO	Quarterly Financial Report: U.S. Corporations: Transportation Equipment: Total Cash on Hand and in U.S. Banks
85422	1	Q		NSA	QFRTCATRAUSNO	Quarterly Financial Report: U.S. Corporations: Transportation Equipment: Total Current Assets
85474	1	Q		NSA	QFRTCLTRAUSNO	Quarterly Financial Report: U.S. Corporations: Transportation Equipment: Total Current Liabilities
85526	1	Q		NSA	QFRTLTRAUSNO	Quarterly Financial Report: U.S. Corporations: Transportation Equipment: Total Liabilities
84434	1	Q		NSA	QFR328TRAUSNO	Quarterly Financial Report: U.S. Corporations: Transportation Equipment: Total Liabilities and Stockholders' Equity
83993	1	Q		NSA	QFR223421USNO	Quarterly Financial Report: U.S. Corporations: Wholesale Trade, Durable Goods: Total Assets
85395	1	Q		NSA	QFRTCASH421USNO	Quarterly Financial Report: U.S. Corporations: Wholesale Trade, Durable Goods: Total Cash on Hand and in U.S. Banks
85293	1	Q		NSA	QFRTCA421USNO	Quarterly Financial Report: U.S. Corporations: Wholesale Trade, Durable Goods: Total Current Assets
85449	1	Q		NSA	QFRTCL421USNO	Quarterly Financial Report: U.S. Corporations: Wholesale Trade, Durable Goods: Total Current Liabilities
85501	1	Q		NSA	QFRTL421USNO	Quarterly Financial Report: U.S. Corporations: Wholesale Trade, Durable Goods: Total Liabilities
84409	1	Q		NSA	QFR328421USNO	Quarterly Financial Report: U.S. Corporations: Wholesale Trade, Durable Goods: Total Liabilities and Stockholders' Equity
83994	1	Q		NSA	QFR223422USNO	Quarterly Financial Report: U.S. Corporations: Wholesale Trade, Nondurable Goods: Total Assets
85396	1	Q		NSA	QFRTCASH422USNO	Quarterly Financial Report: U.S. Corporations: Wholesale Trade, Nondurable Goods: Total Cash on Hand and in U.S. Banks
85294	1	Q		NSA	QFRTCA422USNO	Quarterly Financial Report: U.S. Corporations: Wholesale Trade, Nondurable Goods: Total Current Assets
85450	1	Q		NSA	QFRTCL422USNO	Quarterly Financial Report: U.S. Corporations: Wholesale Trade, Nondurable Goods: Total Current Liabilities
85502	1	Q		NSA	QFRTL422USNO	Quarterly Financial Report: U.S. Corporations: Wholesale Trade, Nondurable Goods: Total Liabilities
84410	1	Q		NSA	QFR328422USNO	Quarterly Financial Report: U.S. Corporations: Wholesale Trade, Nondurable Goods: Total Liabilities and Stockholders' Equity
83971	1	Q		NSA	QFR223321USNO	Quarterly Financial Report: U.S. Corporations: Wood Products: Total Assets
85373	1	Q		NSA	QFRTCASH321USNO	Quarterly Financial Report: U.S. Corporations: Wood Products: Total Cash on Hand and in U.S. Banks
85271	1	Q		NSA	QFRTCA321USNO	Quarterly Financial Report: U.S. Corporations: Wood Products: Total Current Assets
85427	1	Q		NSA	QFRTCL321USNO	Quarterly Financial Report: U.S. Corporations: Wood Products: Total Current Liabilities
85479	1	Q		NSA	QFRTL321USNO	Quarterly Financial Report: U.S. Corporations: Wood Products: Total Liabilities
84387	1	Q		NSA	QFR328321USNO	Quarterly Financial Report: U.S. Corporations: Wood Products: Total Liabilities and Stockholders' Equity
134740	1	Q		NSA	USQWATA	Quarterly Weighted Average of Total Assets for Commercial Banks in United States (DISCONTINUED)
134741	1	Q		NSA	USQWATEC	Quarterly Weighted Average of Total Equity Capital for Commercial Banks in United States (DISCONTINUED)
134742	1	Q		NSA	USQWATLLNUI	Quarterly Weighted Average of Total Loans and Leases, Net of Unearned Income for Commercial Banks in United States (DISCONTINUED)
10621	1	M		NSA	DHIDFHQTRT	Quits Rate (DISCONTINUED)
88431	12	M		NSA	JTUQUL	Quits: Total Nonfarm
88382	3	M		NSA	JTU1000QUR	Quits: Total Private
79728	22	M		NSA	RAILFRTCARLOADS	Rail Freight Carloads
79730	42	M		NSA	RAILFRTINTERMODAL	Rail Freight Intermodal Traffic
79732	13	M		NSA	RAILPM	Rail Passenger Miles
82587	5	NA		NSA	CDC	Rate for Credit Under the Century Date Change Special Liquidity Facility (DISCONTINUED)
82808	14	M		NSA	RTWEXAFEGS	Real Advanced Foreign Economies Dollar Index
82809	62	M		NSA	RTWEXBGS	Real Broad Dollar Index
82869	23	M		NSA	TWEXBPA	Real Broad Dollar Index (Goods Only) (DISCONTINUED)
138826	1	A		NSA	A262RX1A020NBEA	Real consumption of fixed capital
108349	19	A		NSA	A067RX1A020NBEA	Real disposable personal income
142758	1	A		NSA	B148RX1A020NBEA	Real domestic output of new autos
82810	27	M		NSA	RTWEXEMEGS	Real Emerging Market Economies Dollar Index
71864	1	A		NSA	ARTREREASAE45313	Real Estate Appraisal Services for Activities Related To Real Estate, All Establishments, Employer Firms
76554	1	A		NSA	OOREAABREAS45312	Real Estate Appraisal Services for Offices of Real Estate Agents and Brokers, All Establishments, Employer Firms
71865	1	A		NSA	ARTRERECSAE45313	Real Estate Consulting Services for Activities Related To Real Estate, All Establishments, Employer Firms
76555	1	A		NSA	OOREAABRECS45312	Real Estate Consulting Services for Offices of Real Estate Agents and Brokers, All Establishments, Employer Firms
108883	9	Q		NSA	REITTMA	Real Estate Investment Trusts; Total Mortgages; Asset, Level (DISCONTINUED)
134639	9	M		NSA	REALLNNSA	Real Estate Loans, All Commercial Banks
134505	47	M		NSA	CREACBM027NBOG	Real Estate Loans: Commercial Real Estate Loans, All Commercial Banks
134496	4	M		NSA	CLDACBM027NBOG	Real Estate Loans: Commercial Real Estate Loans: Construction and Land Development Loans, All Commercial Banks
134656	1	M		NSA	SBFACBM027NBOG	Real Estate Loans: Commercial Real Estate Loans: Secured by Farmland, All Commercial Banks
134668	2	M		NSA	SMPACBM027NBOG	Real Estate Loans: Commercial Real Estate Loans: Secured by Multifamily Properties, All Commercial Banks
134672	1	M		NSA	SNFACBM027NBOG	Real Estate Loans: Commercial Real Estate Loans: Secured by Nonfarm Nonresidential Properties, All Commercial Banks
134648	9	M		NSA	RREACBM027NBOG	Real Estate Loans: Residential Real Estate Loans, All Commercial Banks
134510	3	M		NSA	CRLACBM027NBOG	Real Estate Loans: Residential Real Estate Loans: Closed-End Residential Loans, All Commercial Banks
134643	10	M		NSA	RHEACBM027NBOG	Real Estate Loans: Residential Real Estate Loans: Revolving Home Equity Loans, All Commercial Banks
140242	1	A		NSA	B181RX1A020NBEA	Real exports of agricultural goods
140166	1	A		NSA	A332RX1A020NBEA	Real exports of durable goods
140156	1	A		NSA	A253RX1A020NBEA	Real exports of goods
140407	1	Q		NSA	ND000353Q	Real Exports of Goods
140406	3	Q		NSA	ND000352Q	Real Exports of Goods and Services
140223	1	A		NSA	B020RX1A020NBEA	Real exports of goods and services (DISCONTINUED)
140149	1	A		NSA	A182RX1A020NBEA	Real exports of nonagricultural goods
140172	1	A		NSA	A339RX1A020NBEA	Real exports of nondurable goods
140211	1	A		NSA	A646RX1A020NBEA	Real exports of services
140403	1	Q		NSA	NB000354Q	Real Exports of Services
140437	1	A		NSA	Y801RX1A020NBEA	Real Exports of services: Travel (for all purposes including education)
142837	7	A		NSA	A2000X1A020NBEA	Real farm output
141303	1	A		NSA	A955RX1A020NBEA	Real Government Consumption Expenditures
139183	1	A		NSA	W172RX1A020NBEA	Real gross domestic fixed investment
139179	1	A		NSA	W170RX1A020NBEA	Real gross domestic investment
142243	2	A		NSA	A782RX1A020NBEA	Real gross government investment
143587	1	A		NSA	A2009X1A020NBEA	Real gross housing value added
107750	1	A		NSA	IPUZNU140110000	Real Hourly Compensation for Private Nonfarm in the District of Columbia
107860	1	A		NSA	IPUZNU150110000	Real Hourly Labor Compensation for Private Nonfarm in the District of Columbia
143580	1	A		NSA	A2007X1A020NBEA	Real housing output
140488	1	A		NSA	A333RX1A020NBEA	Real imports of durable goods
140478	1	A		NSA	A255RX1A020NBEA	Real imports of goods
140731	2	Q		NSA	ND000343Q	Real Imports of Goods
140730	6	Q		NSA	ND000342Q	Real Imports of Goods and Services
140547	1	A		NSA	B021RX1A020NBEA	Real imports of goods and services (DISCONTINUED)
140494	3	A		NSA	A340RX1A020NBEA	Real imports of nondurable goods
140471	1	A		NSA	A187RX1A020NBEA	Real imports of nonpetroleum goods
140592	1	A		NSA	B656RX1A020NBEA	Real imports of services
140727	1	Q		NSA	NB000344Q	Real Imports of Services
140760	1	A		NSA	Y805RX1A020NBEA	Real Imports of services: Travel (for all purposes including education)
106815	1	A		NSA	IPUZNL060110000	Real Labor Compensation for Private Nonfarm in the District of Columbia
82875	6	M		NSA	TWEXMPA	Real Major Dollar Index (Goods Only) (DISCONTINUED)
10166	19	A		NSA	MAFAINUSA672N	Real Mean Family Income in the United States
10176	16	A		NSA	MAPAINUSA672N	Real Mean Personal Income in the United States
10186	55	A		NSA	MEFAINUSA672N	Real Median Family Income in the United States
10196	83	A		NSA	MEHOINUSA672N	Real Median Household Income in the United States
10198	78	A		NSA	MEPAINUSA672N	Real Median Personal Income in the United States
139185	8	A		NSA	W173RX1A020NBEA	Real net domestic fixed investment
139186	1	A		NSA	W256RX1A020NBEA	Real net domestic income
139182	3	A		NSA	W171RX1A020NBEA	Real net domestic investment
139098	1	A		NSA	A362RX1A020NBEA	Real net domestic product
139188	1	A		NSA	W367RX1A020NBEA	Real net domestic purchases
140135	4	A		NSA	A019RX1A020NBEA	Real net exports of goods and services
140409	2	Q		NSA	ND000374Q	Real Net Exports of Goods and Services
139104	1	A		NSA	A560RX1A020NBEA	Real net fixed investment
142269	1	A		NSA	A889RX1A020NBEA	Real net government investment
139102	4	A		NSA	A557RX1A020NBEA	Real net private domestic investment
82880	2	M		NSA	TWEXOPA	Real OITP Dollar Index (Goods Only) (DISCONTINUED)
108479	34	A		NSA	RPIPCUS	Real Per Capita Personal Income for United States
145372	11	Q		NSA	ND000349Q	Real Personal Consumption Expenditures
145172	15	A		NSA	DPCERX1A020NBEA	Real Personal Consumption Expenditures (DISCONTINUED)
145158	1	A		NSA	DPCCRX1A020NBEA	Real personal consumption expenditures excluding food and energy
144766	1	A		NSA	DEXFRX1A020NBEA	Real personal consumption expenditures in the United States by nonresidents
108515	3	A		NSA	W875RX1A020NBEA	Real personal income excluding current transfer receipts
108481	4	A		NSA	RPIUS	Real Personal Income for United States
139969	4	Q		NSA	ND000337Q	Real Private Fixed Investment
141101	4	A		NSA	Y032RX1A020NBEA	Real Private Fixed Investment in Equipment
139656	1	A		NSA	A327RX1A020NBEA	Real private fixed investment in equipment and software (DISCONTINUED)
139787	1	A		NSA	AB76RX1A020NBEA	Real private fixed investment in new autos and new light trucks
140044	1	A		NSA	W040RX1A020NBEA	Real private fixed investment in new structures
139664	1	A		NSA	A349RX1A020NBEA	Real private fixed investment in structures
139968	6	Q		NSA	ND000336Q	Real Private Nonresidential Fixed Investment
139970	6	Q		NSA	ND000338Q	Real Private Residential Fixed Investment
3324	46	M		NSA	TENEXPCHAREARISPRE	Real Risk Premium
142762	1	A		NSA	B149RX1A020NBEA	Real sales of imported new autos
82922	2	M		NSA	OCM2A	Real User Cost Index of MSI-M2 (alternative)
82923	4	M		NSA	OCM2P	Real User Cost Index of MSI-M2 (preferred)
107090	1	A		NSA	IPUZNT010110000	Real Value-Added Output for Private Nonfarm in the District of Columbia
134743	1	Q		NSA	USRALLL	Recoveries on Allowance for Loan and Lease Losses for Commercial Banks in United States (DISCONTINUED)
3315	13	A		NSA	RPPALLUSNMP	Regional Price Parities: All Items: Nonmetropolitan Portion for United States
133885	1	M		NSA	G17MVSFTTRUCKS	Regular Seasonal Factors: Total Truck Production
76160	10	A		NSA	LORERALOCSA45311	Rental and Leasing of Commercial Space for Lessors of Real Estate, All Establishments, Employer Firms
76161	1	A		NSA	LORERALOIAM45311	Rental and Leasing of Industrial and Manufacturing Space for Lessors of Real Estate, All Establishments, Employer Firms
76162	1	A		NSA	LORERALOLFN45311	Rental and Leasing of Land for Nonresidential Use for Lessors of Real Estate, All Establishments, Employer Firms
76163	6	A		NSA	LORERALOOAP45311	Rental and Leasing of Office and Professional Space for Lessors of Real Estate, All Establishments, Employer Firms
143634	1	A		NSA	W381RC1A027NBEA	Rental income of households with capital consumption adjustment
108337	3	A		NSA	A048RC1A027NBEA	Rental income of persons with capital consumption adjustment
108364	1	A		NSA	A2215C1A027NBEA	Rental income with capital consumption adjustment
76164	2	A		NSA	LOREROMASUS45311	Rental of Miniwarehouses and Self-Storage Units Space for Lessors of Real Estate, All Establishments, Employer Firms
76238	1	A		NSA	MPAVERORSAE451213	Rental of Retail Space for Motion Picture and Video Exhibition, All Establishments, Employer Firms
68152	21	A		NSA	USRVAC	Rental Vacancy Rate for the United States
66847	61	Q		NSA	RRVRUSQ156N	Rental Vacancy Rate in the United States
72213	1	A		NSA	DPHARSROCHA4518	Resale of Computer Hardware and Software for Data Processing, Hosting, and Related Services, All Establishments, Employer Firms
79150	1	A		NSA	SPROCHASAEE45112	Resale of Computer Hardware and Software for Software Publishers, All Establishments, Employer Firms
10632	1	M		NSA	DHIDFHRSQTRT	Rescaled Quits Rate (DISCONTINUED)
82899	1	M		NSA	DISRAM	Reserve Adjustment Magnitude (DISCONTINUED)
82904	1	M		NSA	RAM	Reserve Adjustment Magnitude (RAM) (DISCONTINUED)
71863	1	A		NSA	ARTRERBPMAE45313	Residential Building Property Management for Activities Related To Real Estate, All Establishments, Employer Firms
76553	1	A		NSA	OOREAABRBPM45312	Residential Building Property Management for Offices of Real Estate Agents and Brokers, All Establishments, Employer Firms
14695	3	A		NSA	EMISSCO2TOTVRCTOUSA	Residential Carbon Dioxide Emissions, All Fuels for United States
72322	1	A		NSA	ESREPABPAE454133	Residential Engineering Projects (Excludes Apartment Building Projects) for Engineering Services, All Establishments, Employer Firms
134634	2	M		NSA	RALACBM027NBOG	Residual (Assets Less Liabilities), All Commercial Banks
14737	1	A		NSA	EMISSCO2VRFCCBA	Residual Fuel Commercial Sector Carbon Dioxide Emissions
14738	1	A		NSA	EMISSCO2VRFEIBA	Residual Fuel Electric Power Sector Carbon Dioxide Emissions
14739	4	A		NSA	EMISSCO2VRFICBA	Residual Fuel Industrial Sector Carbon Dioxide Emissions
14736	1	A		NSA	EMISSCO2VRFACBA	Residual Fuel Transportation Sector Carbon Dioxide Emissions
110667	2	Q		NSA	ROWDEPQ027S	Rest of the World; Total Currency and Deposits; Asset, Level
110726	7	Q		NSA	ROWLIAQ027S	Rest of the World; Total Currency and Deposits; Liability, Level
110816	6	Q		NSA	ROWTASQ027S	Rest of the World; Total Financial Assets, Level
110828	2	Q		NSA	ROWTLEQ027S	Rest of the World; Total Liabilities and Equity, Level
110834	1	Q		NSA	ROWTNWQ027S	Rest of the World; Total Liabilities and Net Worth (IMA), Level
110822	2	Q		NSA	ROWTDAQ027S	Rest of the World; U.S. Total Time and Savings Deposits; Asset, Level
82924	17	M		NSA	RMFNS	Retail Money Market Funds
71677	3	M		NSA	RETAILNS	Retail Sales (DISCONTINUED)
71669	10	M		NSA	RETAILIMNSA	Retailers Inventories
71678	34	M		NSA	RETAILSMNSA	Retailers Sales
71738	1	A		NSA	AAFSRAEEANF172	Revenue for Accommodation and Food Services, All Establishments, Employer and Nonemployer Firms
71739	1	A		NSA	AAFSRAEEF172	Revenue for Accommodation and Food Services, All Establishments, Employer Firms
71854	1	A		NSA	ARAEEANF1721	Revenue for Accommodation, All Establishments, Employer and Nonemployer Firms
71855	1	A		NSA	ARAEEF1721	Revenue for Accommodation, All Establishments, Employer Firms
71881	1	A		NSA	ATPBAPSRAEE45412	Revenue for Accounting, Tax Preparation, Bookkeeping, and Payroll Services, All Establishments, Employer Firms
71862	1	A		NSA	ARTRERAEEF45313	Revenue for Activities Related To Real Estate, All Establishments, Employer Firms
71792	5	A		NSA	ALFFTERAEEF2623312	Revenue for Assisted Living Facilities for The Elderly, All Establishments, Employer Firms
72106	1	A		NSA	CGBABRAEEF2722514	Revenue for Cafeterias, Grill Buffets, and Buffets, All Establishments, Employer Firms
72110	1	A		NSA	CHRAEEF272112	Revenue for Casino Hotels, All Establishments, Employer Firms
72130	1	A		NSA	CRAEEF272232	Revenue for Caterers, All Establishments, Employer Firms
72044	1	A		NSA	CCDABRAEEF45231X	Revenue for Commodity Contracts Dealing and Brokerage, All Establishments, Employer Firms
72061	2	A		NSA	CCRCAALFFTE416233	Revenue for Continuing Care Retirement Communities and Assisted Living Facilities for The Elderly, All Establishments, Employer Firms
72164	1	A		NSA	DHAMICRAEEF2524114	Revenue for Direct Health and Medical Insurance Carriers, All Establishments, Employer Firms
72201	1	A		NSA	DLICRAEEF2524113	Revenue for Direct Life Insurance Carriers, All Establishments, Employer Firms
72207	1	A		NSA	DPBRAEEF27224	Revenue for Drinking Places (Alcoholic Beverages), All Establishments, Employer Firms
75758	1	A		NSA	FSCRAEEF272231	Revenue for Food Service Contractors, All Establishments, Employer Firms
75752	1	A		NSA	FSADPRAEEAN1722	Revenue for Food Services and Drinking Places, All Establishments, Employer and Nonemployer Firms
75753	2	A		NSA	FSADPRAEEF1722	Revenue for Food Services and Drinking Places, All Establishments, Employer Firms
75742	8	A		NSA	FRRAEEF2722511	Revenue for Full-Service Restaurants, All Establishments, Employer Firms
75910	10	A		NSA	HCHAMRAEEF272111	Revenue for Hotels (Except Casino Hotels) and Motels, All Establishments, Employer Firms
76111	1	A		NSA	IRPADRAEEF451222	Revenue for Integrated Record Production and Distribution, All Establishments, Employer Firms
76026	1	A		NSA	IBASDABRAEE45231Y	Revenue for Investment Banking and Securities Dealing and Brokerage, All Establishments, Employer Firms
76159	1	A		NSA	LORERAEEF45311	Revenue for Lessors of Real Estate, All Establishments, Employer Firms
76167	7	A		NSA	LRRAEEF2722513	Revenue for Limited-Service Restaurants, All Establishments, Employer Firms
76205	1	A		NSA	MADLRAEEF26215	Revenue for Medical and Diagnostic Laboratories, All Establishments, Employer Firms
76223	1	A		NSA	MFSRAEEF272233	Revenue for Mobile Food Services, All Establishments, Employer Firms
76539	1	A		NSA	OOPRAEEF216211	Revenue for Offices of Physicians, All Establishments, Employer Firms
76351	1	A		NSA	OARAEEF254185	Revenue for Outdoor Advertising, All Establishments, Employer Firms
76378	1	A		NSA	OCCRAEEF26214	Revenue for Outpatient Care Centers, All Establishments, Employer Firms
76666	1	A		NSA	PMAIARAEEF45239X	Revenue for Portfolio Management and Investment Advice, All Establishments, Employer Firms
78966	2	A		NSA	RIADDMHASAF216232	Revenue for Residential Intellectual and Developmental Disability, Mental Health, and Substance Abuse Facilities, All Establishments, Employer Firms
76896	1	A		NSA	RABHRAEEF27213	Revenue for Rooming and Boarding Houses, All Establishments, Employer Firms
79066	1	A		NSA	RVPARCRAEE27212	Revenue for RV (Recreational Vehicle) Parks and Recreational Camps, All Establishments, Employer Firms
79171	1	A		NSA	SSTRAEEANF100000A	Revenue for Selected Services Total, All Establishments, Employer and Nonemployer Firms
79172	1	A		NSA	SSTRAEEF100000A	Revenue for Selected Services Total, All Establishments, Employer Firms
79180	1	A		NSA	STRAEEANF10	Revenue for Services Total, All Establishments, Employer and Nonemployer Firms
79181	1	A		NSA	STRAEEF10	Revenue for Services Total, All Establishments, Employer Firms
79091	1	A		NSA	SANBBRAEEF2722515	Revenue for Snack and Nonalcoholic Beverage Bars, All Establishments, Employer Firms
79133	1	A		NSA	SPASAHGRA2622318	Revenue for Specialty (Except Psychiatric and Substance Abuse) Hospitals - Government, All Establishments, Employer Firms
79138	1	A		NSA	SPASAHPRA2622319	Revenue for Specialty (Except Psychiatric and Substance Abuse) Hospitals - Private, All Establishments, Employer Firms
79189	1	A		NSA	TAARSRAEEF95615	Revenue for Travel Arrangement and Reservation Services, All Establishments, Employer Firms
79661	1	A		NSA	WCRAEEF45621	Revenue for Waste Collection, All Establishments, Employer Firms
79675	1	A		NSA	WTADRAEEF45622	Revenue for Waste Treatment and Disposal, All Establishments, Employer Firms
3341	31	D		NSA	KCRORO	Risk-ON Risk-Off Index (KCRORO)
76112	1	A		NSA	IRPADSORAEE451222	Sale of Recordings for Integrated Record Production and Distribution, All Establishments, Employer Firms
76255	1	A		NSA	MRFSOBONRMA456292	Sale Or Brokerage of Nonhazardous Recyclable Material for Materials Recovery Facilities, All Establishments, Employer Firms
72281	1	A		NSA	EPGTADSOEAR422211	Sales of Energy and Resources - Natural Gas Distribution To Final Customer for Electric Power Generation, Transmission and Distribution, All Establishments, Employer Firms
76302	1	A		NSA	NGDSOEARNG42212	Sales of Energy and Resources - Natural Gas Distribution To Final Customer for Natural Gas Distribution, All Establishments, Employer Firms
142760	1	A		NSA	B149RC1A027NBEA	Sales of imported new autos
82941	1	M		NSA	SVSTNS	Savings and Small Time Deposits - Total (DISCONTINUED)
82939	1	M		NSA	SVSTCBNS	Savings and Small Time Deposits at Commercial Banks (DISCONTINUED)
82935	2	M		NSA	SVGCBNS	Savings Deposits at Commercial Banks (DISCONTINUED)
82938	3	M		NSA	SVGTNS	Savings Deposits at Thrift Institutions (DISCONTINUED)
82926	4	M		NSA	SAVINGNS	Savings Deposits: Total (DISCONTINUED)
82648	91	D		NSA	SOFR	Secured Overnight Financing Rate
82657	56	D		NSA	SOFRVOL	Secured Overnight Financing Volume
134538	5	M		NSA	INVESTNSA	Securities in Bank Credit, All Commercial Banks
134664	1	M		NSA	SCLACBM027NBOG	Securitized Consumer Loans, All Commercial Banks (DISCONTINUED)
134676	1	M		NSA	SREACBM027NBOG	Securitized Real Estate Loans, All Commercial Banks (DISCONTINUED)
144214	11	A		NSA	A4501C0A173NBEA	Self-employed persons
141132	7	A		NSA	A261RE1A156NBEA	Shares of gross domestic income
141127	8	Q		NSA	A191RE1Q156NBEA	Shares of gross domestic product
82929	1	M		NSA	STDCBNS	Small-Denomination Time Deposits at Commercial Banks (DISCONTINUED)
82934	1	M		NSA	STDTNS	Small-Denomination Time Deposits at Thrift Institutions (DISCONTINUED)
82931	11	M		NSA	STDNS	Small-Denomination Time Deposits: Total
72067	1	A		NSA	CCRCAALFFTE486233	Social Security Benefits - Direct Payment of Social Security On Behalf of Patients for Continuing Care Retirement Communities and Assisted Living Facilities for The Elderly, All Establishments, Employer Firms
76288	1	A		NSA	NCFNFSSBD46231	Social Security Benefits - Direct Payment of Social Security On Behalf of Patients for Nursing Care Facilities (Skilled Nursing Facilities), All Establishments, Employer Firms
78979	1	A		NSA	RIADDMHASAF486232	Social Security Benefits - Direct Payment of Social Security On Behalf of Patients for Residential Intellectual and Developmental Disability, Mental Health, and Substance Abuse Facilities, All Establishments, Employer Firms
82656	66	D		NSA	SOFRINDEX	SOFR Index
134320	38	M		NSA	EXSFUS	South African Rand to U.S. Dollar Spot Exchange Rate
134323	41	M		NSA	EXKOUS	South Korean Won to U.S. Dollar Spot Exchange Rate
79618	1	A		NSA	TTSFTLAEEF4484	Specialized Freight Trucking, Local for Truck Transportation, All Establishments, Employer Firms
79619	1	A		NSA	TTSFTLDAEEF4484	Specialized Freight Trucking, Long Distance for Truck Transportation, All Establishments, Employer Firms
134327	32	M		NSA	EXSLUS	Sri Lankan Rupees to U.S. Dollar Spot Exchange Rate
82883	9	M		NSA	AMBNS	St. Louis Adjusted Monetary Base (DISCONTINUED)
85580	81	W		NSA	STLFSI4	St. Louis Fed Financial Stress Index
85578	34	W		NSA	STLFSI2	St. Louis Fed Financial Stress Index (DISCONTINUED)
82905	3	M		NSA	SBASENS	St. Louis Source Base (DISCONTINUED)
136335	1	Q		NSA	EEAENQ	Standard Error of Loan Rate, All Commercial Banks (DISCONTINUED)
82658	55	D		NSA	SRFTSYD	Standing Repo (SRP) Operations Rate
141324	1	Q		NSA	A991RU1Q027NBEA	State and local government consumption expenditures (DISCONTINUED)
138852	1	Q		NSA	A919RU1Q027NBEA	State and local government consumption of fixed capital (DISCONTINUED)
141967	1	Q		NSA	W024RU1Q027NBEA	State and local government current expenditures (DISCONTINUED)
141932	1	A		NSA	L319231A027NBEA	State and Local government current expenditures: Census total expenditures
141943	1	A		NSA	L319361A027NBEA	State and Local government current expenditures: Netting and grossing differences: Government sales included in Census total revenue (DISCONTINUED)
142030	1	A		NSA	W728RC1A027NBEA	State and Local government current expenditures: Netting and grossing differences: Insurance claims included in Census total revenue (DISCONTINUED)
142068	0	Q		NSA	NA000363Q	State and local government current transfer receipts
142256	1	Q		NSA	A799RU1Q027NBEA	State and local government gross government investment (DISCONTINUED)
108889	1	Q		NSA	SLGEERFTMA	State and Local Governments, Excluding Employee Retirement Funds; Total Mortgages; Asset (DISCONTINUED)
110533	1	Q		NSA	SLGRNRQ027S	State and local governments, excluding employee retirement funds; total residenital and nonresidential structures, Level (DISCONTINUED)
110582	1	Q		NSA	SLGTSDQ027S	State and local governments, excluding employee retirement funds; total time and savings deposits; asset, Level (DISCONTINUED)
110548	2	Q		NSA	SLGTANQ027S	State and Local Governments; Total Assets (Does Not Include Land), Level
110552	5	Q		NSA	SLGTCAQ027S	State and Local Governments; Total Currency and Deposits; Asset, Level
110558	7	Q		NSA	SLGTFFQ027S	State and Local Governments; Total Financial Assets, Level
110482	1	Q		NSA	SLGLNWQ027S	State and Local Governments; Total Liabilities and Net Worth (IMA), Level
110478	4	Q		NSA	SLGLIAQ027S	State and Local Governments; Total Liabilities, Level
110570	1	Q		NSA	SLGTOTQ027S	State and Local Governments; Total Loans; Asset, Level
110566	2	Q		NSA	SLGTMSQ027S	State and Local Governments; Total Mortgages; Asset, Level
141761	1	A		NSA	W752RC1A027NBEA	State government consumption expenditures
142031	1	A		NSA	W751RC1A027NBEA	State government current expenditures
11572	22	A		NSA	STTMINWGDC	State Minimum Wage Rate for District of Columbia
11578	8	A		NSA	STTMINWGGU	State Minimum Wage Rate for Guam
11605	14	A		NSA	STTMINWGPR	State Minimum Wage Rate for Puerto Rico
11611	4	A		NSA	STTMINWGVI	State Minimum Wage Rate for U.S. Virgin Islands
13561	1	Q		NSA	QTAXTOTALQTAXCAT3DCNO	State Tax Collections: Total Taxes for District of Columbia
13598	3	Q		NSA	QTAXTOTALQTAXCAT3USNO	State Tax Collections: Total Taxes for the United States
142889	1	A		NSA	W713RC1A027NBEA	Statistical differences (USDA vs. NIPAs farm income)
134330	30	M		NSA	EXSDUS	Swedish Kronor to U.S. Dollar Spot Exchange Rate
134333	43	M		NSA	EXSZUS	Swiss Francs to U.S. Dollar Spot Exchange Rate
82906	15	M		NSA	SNBMONTBASE	Swiss Monetary Base Aggregate
146342	2	A		NSA	W254RC1A027NBEA	Taxes on production and imports less subsidies
82702	62	D		NSA	TEDRATE	TED Spread (DISCONTINUED)
79686	1	A		NSA	WTCSTNISAE45172	Telecommunications Network Installation Services for Wireless Telecommunications Carriers (Except Satellite), All Establishments, Employer Firms
138260	1	A		NSA	MPU5550012	Textile Mills and Textile Product Mills: Total Factor Productivity
134339	41	M		NSA	EXTHUS	Thai Baht to U.S. Dollar Spot Exchange Rate
79753	18	M		NSA	WATERBORNE	Tonnage for Internal U.S. Waterways
71758	1	Q		NSA	ADM7111TAXABL144QNSA	Total Admissions Revenue for 7111: Performing Arts Companies - Taxable, Establishments Subject to Federal Income Tax
71760	1	Q		NSA	ADM7112TAXABL144QNSA	Total Admissions Revenue for 7112: Spectator Sports, Establishments Subject to Federal Income Tax
71762	1	Q		NSA	ADM7131TAXABL144QNSA	Total Admissions Revenue for 7131: Amusement Parks and Arcades, Establishments Subject to Federal Income Tax
134744	1	Q		NSA	USTACAFSS	Total Amortized Cost of Available-For-Sale Securities for Commercial Banks in United States (DISCONTINUED)
134746	1	Q		NSA	USTAST	Total Assets for Commercial Banks in United States (DISCONTINUED)
134745	1	Q		NSA	USTAHTA	Total Assets Held in Trading Accounts for Commercial Banks in United States (DISCONTINUED)
134698	12	M		NSA	TLAACBM027NBOG	Total Assets, All Commercial Banks
134680	5	Q		NSA	TAIEALLGACBEP	Total Assets, Interest-Earning, All Loans and Leases, Gross, All Commercial Banks
134489	1	Q		NSA	CILACBEP	Total Assets, Interest-Earning, All Loans and Leases, Gross, Commercial and Industrial, All Commercial Banks
134495	2	Q		NSA	CLACBEP	Total Assets, Interest-Earning, All Loans and Leases, Gross, Consumer Loans, All Commercial Banks
134413	2	Q		NSA	ATAIEALLGCLCRACB	Total Assets, Interest-Earning, All Loans and Leases, Gross, Consumer Loans, Credit Cards, All Commercial Banks
134414	1	Q		NSA	ATAIEALLGLFRACB	Total Assets, Interest-Earning, All Loans and Leases, Gross, Lease Financing Receivables, All Commercial Banks
134557	1	Q		NSA	LSREACBEP	Total Assets, Interest-Earning, All Loans and Leases, Gross, Secured by Real Estate, All Commercial Banks
134683	2	Q		NSA	TAIEALLGSRECRELEXFACBEP	Total Assets, Interest-Earning, All Loans and Leases, Gross, Secured by Real Estate, Commercial Real Estate Loans (Excluding Farmland), Booked in Domestic Offices, All Commercial Banks
134416	1	Q		NSA	ATAIEALLGSREFACB	Total Assets, Interest-Earning, All Loans and Leases, Gross, Secured by Real Estate, Farmland, Booked in Domestic Offices, All Commercial Banks
134685	2	Q		NSA	TAIEALLGSRESFRMACBEP	Total Assets, Interest-Earning, All Loans and Leases, Gross, Secured by Real Estate, Single-Family (1 to 4 Family) Residential Mortgages, Booked in Domestic Offices, All Commercial Banks
135123	1	M		NSA	TLALCBM027NBOG	Total Assets, Large Domestically Chartered Commercial Banks
135510	1	M		NSA	TLASCBM027NBOG	Total Assets, Small Domestically Chartered Commercial Banks
3161	28	M		NSA	TOTBUSIMNSA	Total Business Inventories
14809	1	M		NSA	DTBTXDFBANA	Total Business Loans and Leases Owned and Securitized by Finance Companies, Flow
14796	5	M		NSA	DTBTNM	Total Business Loans and Leases Owned and Securitized by Finance Companies, Level
3167	11	M		NSA	TOTBUSSMNSA	Total Business Sales
3162	14	M		NSA	TOTBUSIRNSA	Total Business: Inventories to Sales Ratio
14703	21	A		NSA	EMISSCO2TOTVTTTOUSA	Total Carbon Dioxide Emissions From All Sectors, All Fuels for United States
14700	10	A		NSA	EMISSCO2TOTVTTCOUSA	Total Carbon Dioxide Emissions From All Sectors, Coal for United States
14701	4	A		NSA	EMISSCO2TOTVTTNGUSA	Total Carbon Dioxide Emissions From All Sectors, Natural Gas for United States
14702	6	A		NSA	EMISSCO2TOTVTTPEUSA	Total Carbon Dioxide Emissions From All Sectors, Petroleum for United States
14638	7	M		NSA	TLAMUSCON	Total Construction Spending: Amusement and Recreation in the United States
14644	12	M		NSA	TLCOMCON	Total Construction Spending: Commercial in the United States
14642	2	M		NSA	TLCMUCON	Total Construction Spending: Communication in the United States
14640	1	M		NSA	TLCADCON	Total Construction Spending: Conservation and Development in the United States
14646	6	M		NSA	TLEDUCON	Total Construction Spending: Educational in the United States
14648	10	M		NSA	TLHLTHCON	Total Construction Spending: Health Care in the United States
14650	12	M		NSA	TLHWYCON	Total Construction Spending: Highway and Street in the United States
14652	8	M		NSA	TLLODGCON	Total Construction Spending: Lodging in the United States
14654	31	M		NSA	TLMFGCON	Total Construction Spending: Manufacturing in the United States
14656	19	M		NSA	TLNRESCON	Total Construction Spending: Nonresidential in the United States
14658	5	M		NSA	TLOFCON	Total Construction Spending: Office in the United States
14666	15	M		NSA	TLPWRCON	Total Construction Spending: Power in the United States
14664	3	M		NSA	TLPSCON	Total Construction Spending: Public Safety in the United States
14668	2	M		NSA	TLRELCON	Total Construction Spending: Religious in the United States
14670	12	M		NSA	TLRESCON	Total Construction Spending: Residential in the United States
14672	3	M		NSA	TLSWDCON	Total Construction Spending: Sewage and Waste Disposal in the United States
14678	21	M		NSA	TTLCON	Total Construction Spending: Total Construction in the United States
14674	2	M		NSA	TLTRANSCON	Total Construction Spending: Transportation in the United States
14676	15	M		NSA	TLWSCON	Total Construction Spending: Water Supply in the United States
14840	1	M		NSA	DTCTHFXDFBANA	Total Consumer Loans and Leases Owned and Securitized by Finance Companies, Flow
14837	5	M		NSA	DTCTHFNM	Total Consumer Loans and Leases Owned and Securitized by Finance Companies, Level
134747	3	Q		NSA	USTEQC	Total Equity Capital for Commercial Banks in United States (DISCONTINUED)
135530	10	Q		NSA	EQTA	Total Equity to Total Assets for Banks (DISCONTINUED)
135534	1	Q		NSA	EQTA4	Total Equity to Total Assets, Banks with Total Assets from $10B to $20B (DISCONTINUED)
135533	1	Q		NSA	EQTA3	Total Equity to Total Assets, Banks with Total Assets from $1B to $10B (DISCONTINUED)
135532	1	Q		NSA	EQTA2	Total Equity to Total Assets, Banks with Total Assets from $300M to $1B (DISCONTINUED)
135535	2	Q		NSA	EQTA5	Total Equity to Total Assets, Banks with Total Assets over $20B (DISCONTINUED)
135531	2	Q		NSA	EQTA1	Total Equity to Total Assets, Banks with Total Assets up to $300M (DISCONTINUED)
11560	10	A		NSA	TTLFHH	Total Family Households
85718	3	M		NSA	H8B3092NCBDM	Total Fed Funds Sold and Securities Purchased Under Agreements to Resell, All Commercial Banks
134955	1	M		NSA	H8B3092NLGDM	Total Fed Funds Sold and Securities Purchased Under Agreements to Resell, Large Domestically Chartered Commercial Banks
135342	1	M		NSA	H8B3092NSMDM	Total Fed Funds Sold and Securities Purchased Under Agreements to Resell, Small Domestically Chartered Commercial Banks
13770	40	M		NSA	MTSO133FMS	Total Federal Outlays
13771	43	M		NSA	MTSR133FMS	Total Federal Receipts
3	13	A		NSA	NGMPUSMP	Total Gross Domestic Product for United States Metropolitan Portion
134748	3	Q		NSA	USTHTMS	Total Held-to-Maturity Securities for Commercial Banks in United States (DISCONTINUED)
11562	61	A		NSA	TTLHH	Total Households
143672	1	A		NSA	W294RC1A027NBEA	Total imputed interest paid
143673	1	A		NSA	W295RC1A027NBEA	Total imputed interest received
134749	1	Q		NSA	USTISBV	Total Investment Securities at Book Value for Commercial Banks in United States (DISCONTINUED)
134703	40	M		NSA	TLBACBM027NBOG	Total Liabilities, All Commercial Banks
135127	1	M		NSA	TLBLCBM027NBOG	Total Liabilities, Large Domestically Chartered Commercial Banks
135514	1	M		NSA	TLBSCBM027NBOG	Total Liabilities, Small Domestically Chartered Commercial Banks
134750	1	Q		NSA	USTLLFRN	Total Loan and Lease Finance Receivables, Nonaccrual for Commercial Banks in United States (DISCONTINUED)
134751	1	Q		NSA	USTLLFRPD90	Total Loan and Lease Finance Receivables, Past Due 90 Days or More and Still Accruing for Commercial Banks in United States (DISCONTINUED)
14892	1	M		NSA	DTTHFXDFBANA	Total Loans and Leases Outstanding at Domestic Finance Companies, Flow
14889	2	M		NSA	DTTHFNM	Total Loans and Leases Outstanding at Domestic Finance Companies, Level
134752	1	Q		NSA	USTLLNUI	Total Loans and Leases, Net of Unearned Income for Commercial Banks in United States (DISCONTINUED)
79803	3	M		NSA	I42IMNM144NCEN	Total Merchant Wholesalers, Except Manufacturers' Sales Branches and Offices Inventories
79913	1	M		NSA	R42IRNM163NCEN	Total Merchant Wholesalers, Except Manufacturers' Sales Branches and Offices Inventories/Sales Ratio
79957	2	M		NSA	S42SMNM144NCEN	Total Merchant Wholesalers, Except Manufacturers' Sales Branches and Offices Sales
79047	2	A		NSA	RPCTMCEF484ALLEST	Total Motor Carrier Revenue for Truck Transportation, All Establishments, Employer Firms
134753	1	Q		NSA	USTNC	Total Net Charge-offs for Commercial Banks in United States (DISCONTINUED)
135554	8	Q		NSA	NCOTOT	Total Net Loan Charge-offs to Total Loans for Banks (DISCONTINUED)
135558	1	Q		NSA	NCOTOT4	Total Net Loan Charge-offs to Total Loans, Banks with Total Assets from $10B to $20B (DISCONTINUED)
135557	1	Q		NSA	NCOTOT3	Total Net Loan Charge-offs to Total Loans, Banks with Total Assets from $1B to $10B (DISCONTINUED)
135556	1	Q		NSA	NCOTOT2	Total Net Loan Charge-offs to Total Loans, Banks with Total Assets from $300M to $1B (DISCONTINUED)
135559	1	Q		NSA	NCOTOT5	Total Net Loan Charge-offs to Total Loans, Banks with Total Assets over $20B (DISCONTINUED)
135555	1	Q		NSA	NCOTOT1	Total Net Loan Charge-offs to Total Loans, Banks with Total Assets up to $300M (DISCONTINUED)
82920	1	M		NSA	NOM1M2N	Total Non-M1 M2 (DISCONTINUED)
11564	9	A		NSA	TTLNHH	Total Nonfamily Households
3565	18	M		NSA	ADPMNUSNERNSA	Total Nonfarm Private Payroll Employment
134738	7	Q		NSA	USNP	Total Nonperforming Loans for Commercial Banks in United States (DISCONTINUED)
79049	1	A		NSA	RPCTOREF51913ALLEST	Total Operating Revenue for Internet Publishing and Broadcasting and Web Search Portals, All Establishments, Employer Firms (DISCONTINUED)
79050	1	A		NSA	RPCTOREF56133ALLEST	Total Operating Revenue for Professional Employer Organizations, All Establishments, Employer Firms (DISCONTINUED)
79052	1	A		NSA	RPCTOREF56152ALLEST	Total Operating Revenue for Tour Operators, All Establishments, Employer Firms (DISCONTINUED)
79051	1	A		NSA	RPCTOREF561510ALLEST	Total Operating Revenue for Travel Agencies, All Establishments, Employer Firms (DISCONTINUED)
79048	1	A		NSA	RPCTOREF5171ALLEST	Total Operating Revenue for Wired Telecommunications Carriers, All Establishments, Employer Firms (DISCONTINUED)
4	10	A		NSA	PCRGMPUSMP	Total Per Capita Real GDP United States Metropolitan Portion (DISCONTINUED)
11557	41	M		NSA	POP	Total Population: All Ages including Armed Forces Overseas
14616	1	M		NSA	PRAMUSCON	Total Private Construction Spending: Amusement and Recreation in the United States
14620	3	M		NSA	PRCOMCON	Total Private Construction Spending: Commercial in the United States
14618	1	M		NSA	PRCMUCON	Total Private Construction Spending: Communication in the United States
14622	1	M		NSA	PREDUCON	Total Private Construction Spending: Educational in the United States
14624	2	M		NSA	PRHLTHCON	Total Private Construction Spending: Health Care in the United States
14612	1	M		NSA	PLODGCON	Total Private Construction Spending: Lodging in the United States
14626	22	M		NSA	PRMFGCON	Total Private Construction Spending: Manufacturing in the United States
14614	20	M		NSA	PNRESCON	Total Private Construction Spending: Nonresidential in the United States
14628	2	M		NSA	PROFCON	Total Private Construction Spending: Office in the United States
14630	3	M		NSA	PRPWRCON	Total Private Construction Spending: Power in the United States
14632	1	M		NSA	PRRELCON	Total Private Construction Spending: Religious in the United States
14634	10	M		NSA	PRRESCON	Total Private Construction Spending: Residential in the United States
14662	3	M		NSA	TLPRVCON	Total Private Construction Spending: Total Construction in the United States
14636	2	M		NSA	PRTRANSCON	Total Private Construction Spending: Transportation in the United States
14584	2	M		NSA	PBAMUSCON	Total Public Construction Spending: Amusement and Recreation in the United States
14588	2	M		NSA	PBCOMCON	Total Public Construction Spending: Commercial in the United States
14586	1	M		NSA	PBCADCON	Total Public Construction Spending: Conservation and Development in the United States
14590	1	M		NSA	PBEDUCON	Total Public Construction Spending: Educational in the United States
14592	1	M		NSA	PBHLTHCON	Total Public Construction Spending: Health Care in the United States
14594	2	M		NSA	PBHWYCON	Total Public Construction Spending: Highway and Street in the United States
14596	4	M		NSA	PBNRESCON	Total Public Construction Spending: Nonresidential in the United States
14598	1	M		NSA	PBOFCON	Total Public Construction Spending: Office in the United States
14602	3	M		NSA	PBPWRCON	Total Public Construction Spending: Power in the United States
14600	1	M		NSA	PBPSCON	Total Public Construction Spending: Public Safety in the United States
14604	3	M		NSA	PBRESCON	Total Public Construction Spending: Residential in the United States
14606	1	M		NSA	PBSWGCON	Total Public Construction Spending: Sewage and Waste Disposal in the United States
14660	9	M		NSA	TLPBLCON	Total Public Construction Spending: Total Construction in the United States
14608	5	M		NSA	PBTRANSCON	Total Public Construction Spending: Transportation in the United States
14610	7	M		NSA	PBWSCON	Total Public Construction Spending: Water Supply in the United States
5	7	A		NSA	QGMPUSMP	Total Quantity Indexes for Real GDP for United States Metropolitan Portion
14885	1	M		NSA	DTRTXDFBANA	Total Real Estate Loans Owned and Securitized by Finance Companies, Flow
14878	1	M		NSA	DTRTNM	Total Real Estate Loans Owned and Securitized by Finance Companies, Level
6	20	A		NSA	RGMPUSMP	Total Real Gross Domestic Product for United States Metropolitan Portion
134754	1	Q		NSA	USTTAST	Total Trading Assets for Commercial Banks in United States (DISCONTINUED)
3524	13	M		NSA	U4RATENSA	Total Unemployed Plus Discouraged Workers, as a Percent of the Civilian Labor Force Plus Discouraged Workers (U-4)
3528	18	M		NSA	U6RATENSA	Total Unemployed, Plus All Persons Marginally Attached to the Labor Force, Plus Total Employed Part Time for Economic Reasons, as a Percent of the Civilian Labor Force Plus All Persons Marginally Attached to the Labor Force (U-6)
86546	2	D		NSA	MKT14MKTAMT	Total Value of Commercial Paper Issues with a Maturity Between 1 and 4 Days
86544	1	D		NSA	MKT1020MKTAMT	Total Value of Commercial Paper Issues with a Maturity Between 10 and 20 Days
86548	1	D		NSA	MKT2140MKTAMT	Total Value of Issuers of Commercial Paper with a Maturity Between 21 and 40 Days
86550	1	D		NSA	MKT4180MKTAMT	Total Value of Issuers of Commercial Paper with a Maturity Between 41 and 80 Days
86552	2	D		NSA	MKT59MKTAMT	Total Value of Issuers of Commercial Paper with a Maturity Between 5 and 9 Days
86554	1	D		NSA	MKTGT80MKTAMT	Total Value of Issuers of Commercial Paper with a Maturity Greater Than 80 Days
86561	1	D		NSA	NONFIN14A2P2AMT	Total Value of Issues, with a Maturity Between 1 and 4 Days, Used in Calculating the A2/P2 Nonfinancial Commercial Paper Rates
86407	1	D		NSA	AB14AAAMT	Total Value of Issues, with a Maturity Between 1 and 4 Days, Used in Calculating the AA Asset-Backed Commercial Paper Rates
86493	6	D		NSA	FIN14AAAMT	Total Value of Issues, with a Maturity Between 1 and 4 Days, Used in Calculating the AA Financial Commercial Paper Rates
86563	5	D		NSA	NONFIN14AAAMT	Total Value of Issues, with a Maturity Between 1 and 4 Days, Used in Calculating the AA Nonfinancial Commercial Paper Rates
86557	2	D		NSA	NONFIN1020A2P2AMT	Total Value of Issues, with a Maturity Between 10 and 20 Days, Used in Calculating the A2/P2 Nonfinancial Commercial Paper Rates
86405	1	D		NSA	AB1020AAAMT	Total Value of Issues, with a Maturity Between 10 and 20 Days, Used in Calculating the AA Asset-Backed Commercial Paper Rates
86491	1	D		NSA	FIN1020AAAMT	Total Value of Issues, with a Maturity Between 10 and 20 Days, Used in Calculating the AA Financial Commercial Paper Rates
86559	1	D		NSA	NONFIN1020AAAMT	Total Value of Issues, with a Maturity Between 10 and 20 Days, Used in Calculating the AA Nonfinancial Commercial Paper Rates
86565	1	D		NSA	NONFIN2140A2P2AMT	Total Value of Issues, with a Maturity Between 21 and 40 Days, Used in Calculating the A2/P2 Nonfinancial Commercial Paper Rates
86409	1	D		NSA	AB2140AAAMT	Total Value of Issues, with a Maturity Between 21 and 40 Days, Used in Calculating the AA Asset-Backed Commercial Paper Rates
86495	1	D		NSA	FIN2140AAAMT	Total Value of Issues, with a Maturity Between 21 and 40 Days, Used in Calculating the AA Financial Commercial Paper Rates
86567	1	D		NSA	NONFIN2140AAAMT	Total Value of Issues, with a Maturity Between 21 and 40 Days, Used in Calculating the AA Nonfinancial Commercial Paper Rates
86569	1	D		NSA	NONFIN4180A2P2AMT	Total Value of Issues, with a Maturity Between 41 and 80 Days, Used in Calculating the A2/P2 Nonfinancial Commercial Paper Rates
86411	1	D		NSA	AB4180AAAMT	Total Value of Issues, with a Maturity Between 41 and 80 Days, Used in Calculating the AA Asset-Backed Commercial Paper Rates
86497	1	D		NSA	FIN4180AAAMT	Total Value of Issues, with a Maturity Between 41 and 80 Days, Used in Calculating the AA Financial Commercial Paper Rates
86571	1	D		NSA	NONFIN4180AAAMT	Total Value of Issues, with a Maturity Between 41 and 80 Days, Used in Calculating the AA Nonfinancial Commercial Paper Rates
86573	1	D		NSA	NONFIN59A2P2AMT	Total Value of Issues, with a Maturity Between 5 and 9 Days, Used in Calculating the A2/P2 Nonfinancial Commercial Paper Rates
86413	1	D		NSA	AB59AAAMT	Total Value of Issues, with a Maturity Between 5 and 9 Days, Used in Calculating the AA Asset-Backed Commercial Paper Rates
86499	1	D		NSA	FIN59AAAMT	Total Value of Issues, with a Maturity Between 5 and 9 Days, Used in Calculating the AA Financial Commercial Paper Rates
86575	1	D		NSA	NONFIN59AAAMT	Total Value of Issues, with a Maturity Between 5 and 9 Days, Used in Calculating the AA Nonfinancial Commercial Paper Rates
86577	1	D		NSA	NONFINGT80A2P2AMT	Total Value of Issues, with a Maturity Greater Than 80 Days, Used in Calculating the A2/P2 Nonfinancial Commercial Paper Rates
86417	2	D		NSA	ABGT80AAAMT	Total Value of Issues, with a Maturity Greater Than 80 Days, Used in Calculating the AA Asset-Backed Commercial Paper Rates
86503	1	D		NSA	FINGT80AAAMT	Total Value of Issues, with a Maturity Greater Than 80 Days, Used in Calculating the AA Financial Commercial Paper Rates
86579	2	D		NSA	NONFINGT80AAAMT	Total Value of Issues, with a Maturity Greater Than 80 Days, Used in Calculating the AA Nonfinancial Commercial Paper Rates
134139	40	M		NSA	TOTALNSA	Total Vehicle Sales
108409	41	A		NSA	BA06RC1A027NBEA	Total wages and salaries, BLS
108410	1	A		NSA	BA07RC1A027NBEA	Total wages and salaries, BLS: Adjustment for misreporting on employment tax returns
108513	1	A		NSA	W873RC1A027NBEA	Total wages and salaries, BLS: Adjustment for wages and salaries not covered or not fully covered by unemployment insurance
108507	1	A		NSA	W787RC1A027NBEA	Total wages and salaries, BLS: Adjustment for wages and salaries not covered or not fully covered by unemployment insurance: Government
79621	1	A		NSA	TTTLWDAEEF72484	Tractors - Leased Without Drivers for Truck Transportation, All Establishments, Employer Firms
79624	1	A		NSA	TTTOALWDAE72484	Tractors - Owned and/Or Leased With Drivers for Truck Transportation, All Establishments, Employer Firms
82876	15	M		NSA	TWEXMTHY	Trade-Weighted Exchange Value of U.S. Dollar vs G-10 Countries (DISCONTINUED)
134693	1	M		NSA	TDAACBM027NBOG	Trading Assets, All Commercial Banks (DISCONTINUED)
134708	1	M		NSA	TLSACBM027NBOG	Trading Liabilities, All Commercial Banks (DISCONTINUED)
79622	1	A		NSA	TTTLWDAEEF73484	Trailers - Leased Without Drivers for Truck Transportation, All Establishments, Employer Firms
79625	1	A		NSA	TTTOALWDAE73484	Trailers - Owned and/Or Leased With Drivers for Truck Transportation, All Establishments, Employer Firms
14699	43	A		NSA	EMISSCO2TOTVTCTOUSA	Transportation Carbon Dioxide Emissions, All Fuels for United States
76811	1	A		NSA	PTTOBNGALNG4486	Transportation of Bulk Natural Gas and Liquefied Natural Gas by Pipeline for Pipeline Transportation, All Establishments, Employer Firms
134732	6	M		NSA	USGSECNSA	Treasury and Agency Securities, All Commercial Banks
134713	6	M		NSA	TMBACBM027NBOG	Treasury and Agency Securities: Mortgage-Backed Securities (MBS), All Commercial Banks
134717	2	M		NSA	TNMACBM027NBOG	Treasury and Agency Securities: Non-MBS, All Commercial Banks
82663	43	D		NSA	TGCRRATE	Tri-Party General Collateral Rate
82664	28	D		NSA	TGCRVOLUME	Tri-Party General Collateral Rate Volume
79620	1	A		NSA	TTTLWDAEEF71484	Trucks - Leased Without Drivers for Truck Transportation, All Establishments, Employer Firms
79623	1	A		NSA	TTTOALWDAE71484	Trucks - Owned and/Or Leased With Drivers for Truck Transportation, All Establishments, Employer Firms
134267	39	M		NSA	EXUSAL	U.S. Dollars to Australian Dollar Spot Exchange Rate
134285	60	M		NSA	EXUSEU	U.S. Dollars to Euro Spot Exchange Rate
134342	52	M		NSA	EXUSUK	U.S. Dollars to U.K. Pound Sterling Spot Exchange Rate
81753	33	M		NSA	MNGLCP	U.S. Natural Gas Liquid Composite Price
114898	0	M		NSA	USLTTOTALNET57215	U.S. Net Transactions of All Foreign Long-Term Securities: African Oil Exporters
114906	0	M		NSA	USLTTOTALNET69995	U.S. Net Transactions of All Foreign Long-Term Securities: All Countries
114913	0	M		NSA	USLTTOTALNET89991	U.S. Net Transactions of All Foreign Long-Term Securities: Asset-Backed Securities
114857	0	M		NSA	USLTTOTALNET39001	U.S. Net Transactions of All Foreign Long-Term Securities: Caribbean Banking Centers
114864	1	M		NSA	USLTTOTALNET41408	U.S. Net Transactions of All Foreign Long-Term Securities: China, Mainland
114821	0	M		NSA	USLTTOTALNET16713	U.S. Net Transactions of All Foreign Long-Term Securities: Euro Area
114822	0	M		NSA	USLTTOTALNET16721	U.S. Net Transactions of All Foreign Long-Term Securities: European Union
114914	4	M		NSA	USLTTOTALNET99996	U.S. Net Transactions of All Foreign Long-Term Securities: Grand Total
114912	0	M		NSA	USLTTOTALNET81663	U.S. Net Transactions of All Foreign Long-Term Securities: Held by U.S. Depository Institutions
114911	0	M		NSA	USLTTOTALNET81655	U.S. Net Transactions of All Foreign Long-Term Securities: Held by U.S. Non-Financial Organizations
114866	1	M		NSA	USLTTOTALNET42102	U.S. Net Transactions of All Foreign Long-Term Securities: India
114884	0	M		NSA	USLTTOTALNET46612	U.S. Net Transactions of All Foreign Long-Term Securities: Middle Eastern Oil Exporters
114818	0	M		NSA	USLTTOTALNET16101	U.S. Net Transactions of All Foreign Long-Term Securities: Russia
114900	1	M		NSA	USLTTOTALNET59994	U.S. Net Transactions of All Foreign Long-Term Securities: Total Africa
114887	1	M		NSA	USLTTOTALNET49999	U.S. Net Transactions of All Foreign Long-Term Securities: Total Asia
114845	0	M		NSA	USLTTOTALNET34401	U.S. Net Transactions of All Foreign Long-Term Securities: Total Caribbean
114824	0	M		NSA	USLTTOTALNET19992	U.S. Net Transactions of All Foreign Long-Term Securities: Total Europe
114907	0	M		NSA	USLTTOTALNET72907	U.S. Net Transactions of All Foreign Long-Term Securities: Total International Orgs.
114909	0	M		NSA	USLTTOTALNET79995	U.S. Net Transactions of All Foreign Long-Term Securities: Total IROs
114860	0	M		NSA	USLTTOTALNET39942	U.S. Net Transactions of All Foreign Long-Term Securities: Total Latin America
114861	0	M		NSA	USLTTOTALNET39993	U.S. Net Transactions of All Foreign Long-Term Securities: Total Latin America and Caribbean
114908	1	M		NSA	USLTTOTALNET76929	U.S. Net Transactions of All Foreign Long-Term Securities: Total Regional Orgs.
114883	0	M		NSA	USLTTOTALNET46604	U.S. Net Transactions of All Foreign Long-Term Securities: United Arab Emirates
114232	2	M		NSA	USLTEQTYNET69995	U.S. Net Transactions of Foreign Equity Securities: All Countries
114240	3	M		NSA	USLTEQTYNET99996	U.S. Net Transactions of Foreign Equity Securities: Grand Total
114226	1	M		NSA	USLTEQTYNET59994	U.S. Net Transactions of Foreign Equity Securities: Total Africa
114213	1	M		NSA	USLTEQTYNET49999	U.S. Net Transactions of Foreign Equity Securities: Total Asia
114173	0	M		NSA	USLTEQTYNET34401	U.S. Net Transactions of Foreign Equity Securities: Total Caribbean
114152	0	M		NSA	USLTEQTYNET19992	U.S. Net Transactions of Foreign Equity Securities: Total Europe
114233	1	M		NSA	USLTEQTYNET72907	U.S. Net Transactions of Foreign Equity Securities: Total International Orgs.
114235	1	M		NSA	USLTEQTYNET79995	U.S. Net Transactions of Foreign Equity Securities: Total IROs
114188	1	M		NSA	USLTEQTYNET39942	U.S. Net Transactions of Foreign Equity Securities: Total Latin America
114189	1	M		NSA	USLTEQTYNET39993	U.S. Net Transactions of Foreign Equity Securities: Total Latin America and Caribbean
114234	1	M		NSA	USLTEQTYNET76929	U.S. Net Transactions of Foreign Equity Securities: Total Regional Orgs.
113560	1	M		NSA	USLTBONDNET69995	U.S. Net Transactions of Foreign Long-Term Corporate and Government Bonds: All Countries
113568	1	M		NSA	USLTBONDNET99996	U.S. Net Transactions of Foreign Long-Term Corporate and Government Bonds: Grand Total
113554	0	M		NSA	USLTBONDNET59994	U.S. Net Transactions of Foreign Long-Term Corporate and Government Bonds: Total Africa
113541	0	M		NSA	USLTBONDNET49999	U.S. Net Transactions of Foreign Long-Term Corporate and Government Bonds: Total Asia
113501	0	M		NSA	USLTBONDNET34401	U.S. Net Transactions of Foreign Long-Term Corporate and Government Bonds: Total Caribbean
113480	0	M		NSA	USLTBONDNET19992	U.S. Net Transactions of Foreign Long-Term Corporate and Government Bonds: Total Europe
113561	0	M		NSA	USLTBONDNET72907	U.S. Net Transactions of Foreign Long-Term Corporate and Government Bonds: Total International Orgs.
113563	0	M		NSA	USLTBONDNET79995	U.S. Net Transactions of Foreign Long-Term Corporate and Government Bonds: Total IROs
113516	0	M		NSA	USLTBONDNET39942	U.S. Net Transactions of Foreign Long-Term Corporate and Government Bonds: Total Latin America
113517	0	M		NSA	USLTBONDNET39993	U.S. Net Transactions of Foreign Long-Term Corporate and Government Bonds: Total Latin America and Caribbean
113562	0	M		NSA	USLTBONDNET76929	U.S. Net Transactions of Foreign Long-Term Corporate and Government Bonds: Total Regional Orgs.
113917	1	M		NSA	USLTCORPBONDNET69995	U.S. Net Transactions of Foreign Long-Term Corporate Bonds: All Countries
113925	1	M		NSA	USLTCORPBONDNET99996	U.S. Net Transactions of Foreign Long-Term Corporate Bonds: Grand Total
113913	0	M		NSA	USLTCORPBONDNET59994	U.S. Net Transactions of Foreign Long-Term Corporate Bonds: Total Africa
113907	0	M		NSA	USLTCORPBONDNET49999	U.S. Net Transactions of Foreign Long-Term Corporate Bonds: Total Asia
113884	0	M		NSA	USLTCORPBONDNET34401	U.S. Net Transactions of Foreign Long-Term Corporate Bonds: Total Caribbean
113868	0	M		NSA	USLTCORPBONDNET19992	U.S. Net Transactions of Foreign Long-Term Corporate Bonds: Total Europe
113918	1	M		NSA	USLTCORPBONDNET72907	U.S. Net Transactions of Foreign Long-Term Corporate Bonds: Total International Orgs.
113920	0	M		NSA	USLTCORPBONDNET79995	U.S. Net Transactions of Foreign Long-Term Corporate Bonds: Total IROs
113891	0	M		NSA	USLTCORPBONDNET39942	U.S. Net Transactions of Foreign Long-Term Corporate Bonds: Total Latin America
113919	0	M		NSA	USLTCORPBONDNET76929	U.S. Net Transactions of Foreign Long-Term Corporate Bonds: Total Regional Orgs.
114589	1	M		NSA	USLTGOVTBONDNET69995	U.S. Net Transactions of Foreign Long-Term Government Bonds: All Countries
114597	1	M		NSA	USLTGOVTBONDNET99996	U.S. Net Transactions of Foreign Long-Term Government Bonds: Grand Total
114585	1	M		NSA	USLTGOVTBONDNET59994	U.S. Net Transactions of Foreign Long-Term Government Bonds: Total Africa
114579	1	M		NSA	USLTGOVTBONDNET49999	U.S. Net Transactions of Foreign Long-Term Government Bonds: Total Asia
114556	0	M		NSA	USLTGOVTBONDNET34401	U.S. Net Transactions of Foreign Long-Term Government Bonds: Total Caribbean
114540	0	M		NSA	USLTGOVTBONDNET19992	U.S. Net Transactions of Foreign Long-Term Government Bonds: Total Europe
114590	0	M		NSA	USLTGOVTBONDNET72907	U.S. Net Transactions of Foreign Long-Term Government Bonds: Total International Orgs.
114592	0	M		NSA	USLTGOVTBONDNET79995	U.S. Net Transactions of Foreign Long-Term Government Bonds: Total IROs
114563	0	M		NSA	USLTGOVTBONDNET39942	U.S. Net Transactions of Foreign Long-Term Government Bonds: Total Latin America
114591	1	M		NSA	USLTGOVTBONDNET76929	U.S. Net Transactions of Foreign Long-Term Government Bonds: Total Regional Orgs.
115033	0	M		NSA	USLTTOTALPOS57215	U.S. Portfolio Holdings of All Foreign Long-Term Securities: African Oil Exporters
115041	4	M		NSA	USLTTOTALPOS69995	U.S. Portfolio Holdings of All Foreign Long-Term Securities: All Countries
115048	0	M		NSA	USLTTOTALPOS89991	U.S. Portfolio Holdings of All Foreign Long-Term Securities: Asset-Backed Securities
114992	0	M		NSA	USLTTOTALPOS39001	U.S. Portfolio Holdings of All Foreign Long-Term Securities: Caribbean Banking Centers
114999	3	M		NSA	USLTTOTALPOS41408	U.S. Portfolio Holdings of All Foreign Long-Term Securities: China, Mainland
114956	0	M		NSA	USLTTOTALPOS16713	U.S. Portfolio Holdings of All Foreign Long-Term Securities: Euro Area
114957	0	M		NSA	USLTTOTALPOS16721	U.S. Portfolio Holdings of All Foreign Long-Term Securities: European Union
115049	14	M		NSA	USLTTOTALPOS99996	U.S. Portfolio Holdings of All Foreign Long-Term Securities: Grand Total
115047	0	M		NSA	USLTTOTALPOS81663	U.S. Portfolio Holdings of All Foreign Long-Term Securities: Held by U.S. Depository Institutions
115046	0	M		NSA	USLTTOTALPOS81655	U.S. Portfolio Holdings of All Foreign Long-Term Securities: Held by U.S. Non-Financial Organizations
115001	1	M		NSA	USLTTOTALPOS42102	U.S. Portfolio Holdings of All Foreign Long-Term Securities: India
115019	0	M		NSA	USLTTOTALPOS46612	U.S. Portfolio Holdings of All Foreign Long-Term Securities: Middle Eastern Oil Exporters
114953	0	M		NSA	USLTTOTALPOS16101	U.S. Portfolio Holdings of All Foreign Long-Term Securities: Russia
115035	0	M		NSA	USLTTOTALPOS59994	U.S. Portfolio Holdings of All Foreign Long-Term Securities: Total Africa
115022	1	M		NSA	USLTTOTALPOS49999	U.S. Portfolio Holdings of All Foreign Long-Term Securities: Total Asia
114980	0	M		NSA	USLTTOTALPOS34401	U.S. Portfolio Holdings of All Foreign Long-Term Securities: Total Caribbean
114959	1	M		NSA	USLTTOTALPOS19992	U.S. Portfolio Holdings of All Foreign Long-Term Securities: Total Europe
115042	0	M		NSA	USLTTOTALPOS72907	U.S. Portfolio Holdings of All Foreign Long-Term Securities: Total International Orgs.
115044	0	M		NSA	USLTTOTALPOS79995	U.S. Portfolio Holdings of All Foreign Long-Term Securities: Total IROs
114995	0	M		NSA	USLTTOTALPOS39942	U.S. Portfolio Holdings of All Foreign Long-Term Securities: Total Latin America
114996	0	M		NSA	USLTTOTALPOS39993	U.S. Portfolio Holdings of All Foreign Long-Term Securities: Total Latin America and Caribbean
115043	0	M		NSA	USLTTOTALPOS76929	U.S. Portfolio Holdings of All Foreign Long-Term Securities: Total Regional Orgs.
115018	0	M		NSA	USLTTOTALPOS46604	U.S. Portfolio Holdings of All Foreign Long-Term Securities: United Arab Emirates
114365	3	M		NSA	USLTEQTYPOS69995	U.S. Portfolio Holdings of Foreign Equity Securities: All Countries
114373	1	M		NSA	USLTEQTYPOS99996	U.S. Portfolio Holdings of Foreign Equity Securities: Grand Total
114359	1	M		NSA	USLTEQTYPOS59994	U.S. Portfolio Holdings of Foreign Equity Securities: Total Africa
114346	2	M		NSA	USLTEQTYPOS49999	U.S. Portfolio Holdings of Foreign Equity Securities: Total Asia
114306	0	M		NSA	USLTEQTYPOS34401	U.S. Portfolio Holdings of Foreign Equity Securities: Total Caribbean
114285	2	M		NSA	USLTEQTYPOS19992	U.S. Portfolio Holdings of Foreign Equity Securities: Total Europe
114366	1	M		NSA	USLTEQTYPOS72907	U.S. Portfolio Holdings of Foreign Equity Securities: Total International Orgs.
114368	1	M		NSA	USLTEQTYPOS79995	U.S. Portfolio Holdings of Foreign Equity Securities: Total IROs
114321	1	M		NSA	USLTEQTYPOS39942	U.S. Portfolio Holdings of Foreign Equity Securities: Total Latin America
114322	1	M		NSA	USLTEQTYPOS39993	U.S. Portfolio Holdings of Foreign Equity Securities: Total Latin America and Caribbean
114367	1	M		NSA	USLTEQTYPOS76929	U.S. Portfolio Holdings of Foreign Equity Securities: Total Regional Orgs.
113693	1	M		NSA	USLTBONDPOS69995	U.S. Portfolio Holdings of Foreign Long-Term Corporate and Government Bonds: All Countries
113701	0	M		NSA	USLTBONDPOS99996	U.S. Portfolio Holdings of Foreign Long-Term Corporate and Government Bonds: Grand Total
113687	0	M		NSA	USLTBONDPOS59994	U.S. Portfolio Holdings of Foreign Long-Term Corporate and Government Bonds: Total Africa
113674	0	M		NSA	USLTBONDPOS49999	U.S. Portfolio Holdings of Foreign Long-Term Corporate and Government Bonds: Total Asia
113634	0	M		NSA	USLTBONDPOS34401	U.S. Portfolio Holdings of Foreign Long-Term Corporate and Government Bonds: Total Caribbean
113613	1	M		NSA	USLTBONDPOS19992	U.S. Portfolio Holdings of Foreign Long-Term Corporate and Government Bonds: Total Europe
113694	0	M		NSA	USLTBONDPOS72907	U.S. Portfolio Holdings of Foreign Long-Term Corporate and Government Bonds: Total International Orgs.
113696	0	M		NSA	USLTBONDPOS79995	U.S. Portfolio Holdings of Foreign Long-Term Corporate and Government Bonds: Total IROs
113649	1	M		NSA	USLTBONDPOS39942	U.S. Portfolio Holdings of Foreign Long-Term Corporate and Government Bonds: Total Latin America
113650	0	M		NSA	USLTBONDPOS39993	U.S. Portfolio Holdings of Foreign Long-Term Corporate and Government Bonds: Total Latin America and Caribbean
113695	0	M		NSA	USLTBONDPOS76929	U.S. Portfolio Holdings of Foreign Long-Term Corporate and Government Bonds: Total Regional Orgs.
114008	3	M		NSA	USLTCORPBONDPOS69995	U.S. Portfolio Holdings of Foreign Long-Term Corporate Bonds: All Countries
114016	0	M		NSA	USLTCORPBONDPOS99996	U.S. Portfolio Holdings of Foreign Long-Term Corporate Bonds: Grand Total
114004	0	M		NSA	USLTCORPBONDPOS59994	U.S. Portfolio Holdings of Foreign Long-Term Corporate Bonds: Total Africa
113998	0	M		NSA	USLTCORPBONDPOS49999	U.S. Portfolio Holdings of Foreign Long-Term Corporate Bonds: Total Asia
113975	0	M		NSA	USLTCORPBONDPOS34401	U.S. Portfolio Holdings of Foreign Long-Term Corporate Bonds: Total Caribbean
113959	0	M		NSA	USLTCORPBONDPOS19992	U.S. Portfolio Holdings of Foreign Long-Term Corporate Bonds: Total Europe
114009	1	M		NSA	USLTCORPBONDPOS72907	U.S. Portfolio Holdings of Foreign Long-Term Corporate Bonds: Total International Orgs.
114011	0	M		NSA	USLTCORPBONDPOS79995	U.S. Portfolio Holdings of Foreign Long-Term Corporate Bonds: Total IROs
113982	0	M		NSA	USLTCORPBONDPOS39942	U.S. Portfolio Holdings of Foreign Long-Term Corporate Bonds: Total Latin America
114010	0	M		NSA	USLTCORPBONDPOS76929	U.S. Portfolio Holdings of Foreign Long-Term Corporate Bonds: Total Regional Orgs.
114680	1	M		NSA	USLTGOVTBONDPOS69995	U.S. Portfolio Holdings of Foreign Long-Term Government Bonds: All Countries
114688	1	M		NSA	USLTGOVTBONDPOS99996	U.S. Portfolio Holdings of Foreign Long-Term Government Bonds: Grand Total
114676	0	M		NSA	USLTGOVTBONDPOS59994	U.S. Portfolio Holdings of Foreign Long-Term Government Bonds: Total Africa
114670	1	M		NSA	USLTGOVTBONDPOS49999	U.S. Portfolio Holdings of Foreign Long-Term Government Bonds: Total Asia
114647	0	M		NSA	USLTGOVTBONDPOS34401	U.S. Portfolio Holdings of Foreign Long-Term Government Bonds: Total Caribbean
114631	1	M		NSA	USLTGOVTBONDPOS19992	U.S. Portfolio Holdings of Foreign Long-Term Government Bonds: Total Europe
114681	0	M		NSA	USLTGOVTBONDPOS72907	U.S. Portfolio Holdings of Foreign Long-Term Government Bonds: Total International Orgs.
114683	0	M		NSA	USLTGOVTBONDPOS79995	U.S. Portfolio Holdings of Foreign Long-Term Government Bonds: Total IROs
114654	0	M		NSA	USLTGOVTBONDPOS39942	U.S. Portfolio Holdings of Foreign Long-Term Government Bonds: Total Latin America
114682	1	M		NSA	USLTGOVTBONDPOS76929	U.S. Portfolio Holdings of Foreign Long-Term Government Bonds: Total Regional Orgs.
134686	1	M		NSA	TAMACBM027NBOG	U.S. Treasury and Agency Securities, MBS, All Commercial Banks (DISCONTINUED)
87191	28	M		NSA	LNU03000000	Unemployment Level
87257	3	M		NSA	LNU03035181	Unemployment Level - All Industries, Self-Employed, Unincorporated, and Unpaid Family Workers
87226	2	M		NSA	LNU03028615	Unemployment Level All Industries Government Wage & Salary Workers
88206	55	M		NSA	UNRATENSA	Unemployment Rate
88092	4	M		NSA	LNU04035181	Unemployment Rate - All Industries, Self-Employed, Unincorporated, and Unpaid Family Workers
88062	5	M		NSA	LNU04028615	Unemployment Rate All Industries Government Wage & Salary Workers
107420	1	A		NSA	IPUZNU100110000	Unit Labor Costs for Private Nonfarm in the District of Columbia
75627	1	A		NSA	EXPUSCEF5171ALLEST	Universal Service Contributions (USC) for Wired Telecommunications Carriers, All Establishments, Employer Firms (DISCONTINUED)
75628	1	A		NSA	EXPUSCEF5172ALLEST	Universal Service Contributions (USC) for Wireless Telecommunications Carriers excluding Satellite, All Establishments, Employer Firms (DISCONTINUED)
81526	20	M		NSA	GASALLM	US All Grades All Formulations Gas Price
81509	8	M		NSA	GASALLCOVM	US All Grades Conventional Gas Price
81537	8	M		NSA	GASALLREFM	US All Grades Reformulated Gas Price
81577	31	M		NSA	GASDESM	US Diesel Sales Price
81566	4	M		NSA	GASDESLSM	US Diesel Ultra Low Sulfur (0-15 ppm) Sales Price
81613	6	M		NSA	GASMIDM	US Midgrade All Formulations Gas Price
81596	3	M		NSA	GASMIDCOVM	US Midgrade Conventional Gas Price
81624	4	M		NSA	GASMIDREFM	US Midgrade Reformulated Gas Price
81665	10	M		NSA	GASPRMM	US Premium All Formulations Gas Price
81648	5	M		NSA	GASPRMCOVM	US Premium Conventional Gas Price
81676	5	M		NSA	GASPRMREFM	US Premium Reformulated Gas Price
81716	32	M		NSA	GASREGM	US Regular All Formulations Gas Price
81699	31	M		NSA	GASREGCOVM	US Regular Conventional Gas Price
81727	7	M		NSA	GASREGREFM	US Regular Reformulated Gas Price
14902	1	M		NSA	RIFLPCFAUNM	Used Car Average Finance Rate at Auto Finance Companies (DISCONTINUED)
10648	1	M		NSA	DHIDFHVTSTUT	Vacancies to Short-Term Unemployment (DISCONTINUED)
10649	6	M		NSA	DHIDFHVTUR	Vacancy to Unemployment Ratio (DISCONTINUED)
107310	1	A		NSA	IPUZNT300110000	Value-Added Output for Private Nonfarm in the District of Columbia
107200	1	A		NSA	IPUZNT050110000	Value-Added Output Price Deflator for Private Nonfarm in the District of Columbia
79742	53	M		NSA	TRFVOLUSM227NFWA	Vehicle Miles Traveled
134345	35	M		NSA	EXVZUS	Venezuelan Bolivares to U.S. Dollar Spot Exchange Rate
133888	1	M		NSA	G17MVSFWTTRUCKS	Weekday-Basis Seasonal Factors: Total Truck Production
137603	1	A		NSA	MPU5000012	Wood Products: Total Factor Productivity
